,OpenTime,BTC-USD_Open,BTC-USD_High,BTC-USD_Low,BTC-USD_Close,BTC-USD_volume,CloseTime,BTC-QuoteAssetVolume,BTC-NumberOfTrades,BTC-TBBAV,BTC-TBQAV,BTC-ignore
0,2023-01-10 16:00:00,17477.95,17499.0,17448.75,17463.56,7080.33103,2023-01-10 16:59:59.999,123667422.5100473,206084.0,3457.84796,60398644.0919203,0.0
1,2023-01-10 17:00:00,17463.86,17464.56,17418.98,17428.08,6677.99954,2023-01-10 17:59:59.999,116455318.3736422,182066.0,3353.74246,58485467.7551846,0.0
2,2023-01-10 18:00:00,17428.08,17444.97,17403.73,17440.66,6986.91491,2023-01-10 18:59:59.999,121772387.7821387,184415.0,3434.15209,59853220.6910043,0.0
3,2023-01-10 19:00:00,17440.64,17502.83,17428.37,17466.02,8526.37461,2023-01-10 19:59:59.999,148854872.6181758,207663.0,4241.48153,74049447.5946122,0.0
4,2023-01-10 20:00:00,17466.02,17510.0,17436.03,17458.05,8068.79008,2023-01-10 20:59:59.999,140955987.0100749,211772.0,4030.31611,70408679.7987112,0.0
5,2023-01-10 21:00:00,17458.49,17462.7,17383.08,17388.2,7948.58416,2023-01-10 21:59:59.999,138498236.7440464,206592.0,3860.64783,67268879.9064001,0.0
6,2023-01-10 22:00:00,17387.67,17425.2,17366.58,17416.14,7402.73595,2023-01-10 22:59:59.999,128820267.580955,192258.0,3720.41889,64742999.7274834,0.0
7,2023-01-10 23:00:00,17416.49,17425.42,17391.0,17408.39,5250.33415,2023-01-10 23:59:59.999,91409496.8285815,171601.0,2633.55247,45851486.1678411,0.0
8,2023-01-11 00:00:00,17407.98,17436.73,17397.27,17406.3,6119.31971,2023-01-11 00:59:59.999,106585255.2718941,175853.0,3134.86029,54601847.8390884,0.0
9,2023-01-11 01:00:00,17406.16,17442.47,17388.0,17437.29,9009.63417,2023-01-11 01:59:59.999,156953846.4650372,189548.0,4560.93188,79453237.3469662,0.0
10,2023-01-11 02:00:00,17436.89,17462.99,17426.07,17446.65,9347.60277,2023-01-11 02:59:59.999,163056312.045688,180934.0,4579.65051,79887567.1014051,0.0
11,2023-01-11 03:00:00,17447.02,17451.38,17408.68,17447.6,8596.90944,2023-01-11 03:59:59.999,149865506.3728307,201406.0,4230.84802,73756171.6591223,0.0
12,2023-01-11 04:00:00,17447.95,17472.15,17439.7,17446.71,8159.56219,2023-01-11 04:59:59.999,142420452.0579102,201551.0,3928.45892,68570856.0348062,0.0
13,2023-01-11 05:00:00,17446.86,17459.0,17435.18,17441.24,6172.66996,2023-01-11 05:59:59.999,107697394.366746,171791.0,2868.9466,50057278.9561432,0.0
14,2023-01-11 06:00:00,17441.24,17454.51,17427.86,17437.75,7057.23375,2023-01-11 06:59:59.999,123062784.7903875,177725.0,3367.93841,58730285.9935475,0.0
15,2023-01-11 07:00:00,17437.75,17437.75,17402.0,17418.56,9151.50731,2023-01-11 07:59:59.999,159413496.501896,202704.0,4249.40185,74021951.1292495,0.0
16,2023-01-11 08:00:00,17418.56,17435.74,17383.48,17413.43,9777.24374,2023-01-11 08:59:59.999,170244716.683675,238687.0,4578.35555,79719206.5288976,0.0
17,2023-01-11 09:00:00,17413.43,17435.87,17376.0,17413.97,13585.06312,2023-01-11 09:59:59.999,236415391.694491,306476.0,6804.24463,118414559.6207536,0.0
18,2023-01-11 10:00:00,17413.97,17437.71,17315.6,17332.43,16548.57079,2023-01-11 10:59:59.999,287535255.0100623,325984.0,8138.42625,141414628.8698012,0.0
19,2023-01-11 11:00:00,17331.9,17368.37,17320.42,17347.62,9399.06698,2023-01-11 11:59:59.999,163076541.8260664,220786.0,4819.34892,83618042.419525,0.0
20,2023-01-11 12:00:00,17347.79,17393.5,17342.51,17382.08,7438.16925,2023-01-11 12:59:59.999,129254950.5403205,176686.0,3653.9416,63495485.6004917,0.0
21,2023-01-11 13:00:00,17382.05,17571.7,17380.76,17487.09,23106.94112,2023-01-11 13:59:59.999,403832984.7738326,376852.0,11668.73776,203917925.5959746,0.0
22,2023-01-11 14:00:00,17486.44,17557.76,17468.57,17550.29,15845.33763,2023-01-11 14:59:59.999,277656008.6058256,278176.0,7887.79505,138219635.5498564,0.0
23,2023-01-11 15:00:00,17549.62,17581.75,17508.86,17550.57,13165.28391,2023-01-11 15:59:59.999,230898286.575365,238591.0,6465.3955,113396203.0659431,0.0
24,2023-01-11 16:00:00,17550.57,17571.38,17529.39,17558.6,8702.05303,2023-01-11 16:59:59.999,152731363.4774586,202235.0,4156.6603,72955968.4775936,0.0
25,2023-01-11 17:00:00,17559.49,17597.0,17514.06,17556.41,12547.23588,2023-01-11 17:59:59.999,220287151.5552895,261042.0,6052.37973,106265753.0949998,0.0
26,2023-01-11 18:00:00,17556.41,18000.0,17550.87,17943.26,31295.38283,2023-01-11 18:59:59.999,557439387.86694,510551.0,16311.8307,290549998.9500512,0.0
27,2023-01-11 19:00:00,17943.26,18297.37,17907.25,18264.1,29755.53326,2023-01-11 19:59:59.999,535903586.234092,484070.0,15253.97697,274774162.536562,0.0
28,2023-01-11 20:00:00,18264.1,18292.56,18140.58,18221.51,23739.80084,2023-01-11 20:59:59.999,432043266.277201,432616.0,12106.19113,220324880.4135367,0.0
29,2023-01-11 21:00:00,18222.31,18385.71,18179.49,18207.54,18968.39437,2023-01-11 21:59:59.999,346246498.5113349,340762.0,9677.44766,176666902.5900791,0.0
30,2023-01-11 22:00:00,18206.85,18240.17,18196.83,18224.68,10030.80424,2023-01-11 22:59:59.999,182773936.6070159,239363.0,4987.78218,90885283.5798471,0.0
31,2023-01-11 23:00:00,18224.68,18232.5,18197.46,18215.66,7951.75735,2023-01-11 23:59:59.999,144848720.2939039,204639.0,3887.12943,70808655.0607829,0.0
32,2023-01-12 00:00:00,18215.74,18241.43,18075.19,18087.54,12286.65303,2023-01-12 00:59:59.999,223182150.2560707,263599.0,5977.43896,108575044.7688858,0.0
33,2023-01-12 01:00:00,18087.54,18164.19,18085.3,18147.77,9141.46584,2023-01-12 01:59:59.999,165735204.4523582,233077.0,4589.13348,83198988.1878521,0.0
34,2023-01-12 02:00:00,18147.25,18177.97,18117.3,18138.22,7876.30717,2023-01-12 02:59:59.999,142950346.7760486,205478.0,3766.49405,68361304.6770844,0.0
35,2023-01-12 03:00:00,18138.21,18152.17,18071.06,18151.52,9012.78676,2023-01-12 03:59:59.999,163267154.2762869,229563.0,4361.18603,79005715.2148882,0.0
36,2023-01-12 04:00:00,18151.52,18173.72,18129.31,18164.67,8167.69214,2023-01-12 04:59:59.999,148249042.4002865,221214.0,3895.90883,70715145.3985017,0.0
37,2023-01-12 05:00:00,18164.13,18218.0,18142.18,18185.6,9055.0101,2023-01-12 05:59:59.999,164583565.6805275,251286.0,4348.72698,79045850.5373042,0.0
38,2023-01-12 06:00:00,18185.6,18222.59,18163.57,18200.8,8018.64554,2023-01-12 06:59:59.999,145852203.4884828,233336.0,3940.72821,71680685.9144063,0.0
39,2023-01-12 07:00:00,18200.8,18279.86,18170.27,18268.94,15008.40297,2023-01-12 07:59:59.999,273451516.4895122,346626.0,7427.23032,135327602.4411416,0.0
40,2023-01-12 08:00:00,18269.59,18380.47,17892.05,18284.91,51231.61325,2023-01-12 08:59:59.999,931886152.1235102,793705.0,25578.81612,465336536.5534688,0.0
41,2023-01-12 09:00:00,18284.91,18356.58,17925.09,17998.56,40174.44274,2023-01-12 09:59:59.999,728308275.2610255,622015.0,19771.27439,358384460.201034,0.0
42,2023-01-12 10:00:00,17997.63,18142.8,17988.01,18086.62,24291.99886,2023-01-12 10:59:59.999,439345763.5170639,436749.0,12120.54822,219215251.0703858,0.0
43,2023-01-12 11:00:00,18087.28,18144.0,18054.61,18134.55,14946.27349,2023-01-12 11:59:59.999,270566051.0817635,362758.0,7398.4416,133936140.4679804,0.0
44,2023-01-12 12:00:00,18134.55,18872.0,18105.56,18837.06,37374.42104,2023-01-12 12:59:59.999,693115401.4549568,664783.0,19471.95369,361033322.8930959,0.0
45,2023-01-12 13:00:00,18837.06,18988.0,18615.21,18796.93,33953.94896,2023-01-12 13:59:59.999,637778049.5894272,587247.0,16787.92679,315382039.897443,0.0
46,2023-01-12 14:00:00,18796.93,19060.0,18760.34,18885.35,24609.80921,2023-01-12 14:59:59.999,464571898.4564999,480106.0,12386.50144,233848988.2336719,0.0
47,2023-01-12 15:00:00,18885.35,19087.0,18820.63,19048.95,19237.60617,2023-01-12 15:59:59.999,364155167.2306142,427111.0,9875.41187,186934920.754455,0.0
48,2023-01-12 16:00:00,19048.95,19117.04,18762.0,18830.07,21655.32154,2023-01-12 16:59:59.999,408635633.4205996,405169.0,10585.58008,199757773.2405818,0.0
49,2023-01-12 17:00:00,18830.07,18936.21,18776.83,18913.92,9015.33064,2023-01-12 17:59:59.999,169881931.1348628,221775.0,4722.18694,88985065.5649948,0.0
50,2023-01-12 18:00:00,18913.38,18915.56,18844.55,18846.62,9064.30227,2023-01-12 18:59:59.999,171099692.8325649,224326.0,4377.31635,82629078.1848771,0.0
51,2023-01-12 19:00:00,18846.62,18887.0,18714.12,18771.61,14571.89741,2023-01-12 19:59:59.999,274057984.2701056,332716.0,7226.09691,135899333.3282638,0.0
52,2023-01-12 20:00:00,18771.61,18819.37,18744.58,18811.48,9450.99789,2023-01-12 20:59:59.999,177554363.0554307,271773.0,4661.89766,87584134.5316673,0.0
53,2023-01-12 21:00:00,18811.4,18842.73,18786.1,18835.48,8659.244,2023-01-12 21:59:59.999,162925725.9624978,230250.0,4197.52597,78979048.8951197,0.0
54,2023-01-12 22:00:00,18835.48,18883.55,18823.54,18876.37,9046.16516,2023-01-12 22:59:59.999,170486505.6862327,223210.0,4388.63295,82710277.1270597,0.0
55,2023-01-12 23:00:00,18876.37,18883.79,18818.31,18821.27,8211.64506,2023-01-12 23:59:59.999,154864628.359628,211548.0,3813.17463,71914818.4853205,0.0
56,2023-01-13 00:00:00,18821.27,18835.77,18778.41,18787.71,8427.10991,2023-01-13 00:59:59.999,158524065.1694614,231618.0,4140.14054,77882622.3306785,0.0
57,2023-01-13 01:00:00,18787.71,18864.21,18780.57,18852.68,7522.51436,2023-01-13 01:59:59.999,141606820.0822394,204922.0,3750.60359,70602722.1534048,0.0
58,2023-01-13 02:00:00,18853.1,18857.87,18785.0,18824.25,9476.07449,2023-01-13 02:59:59.999,178322887.4866858,236537.0,4494.98268,84588958.6888008,0.0
59,2023-01-13 03:00:00,18825.0,18860.17,18810.01,18842.15,8768.8504,2023-01-13 03:59:59.999,165170788.5992017,259907.0,4339.62278,81742523.6583637,0.0
60,2023-01-13 04:00:00,18842.68,18938.99,18839.17,18910.23,12906.62634,2023-01-13 04:59:59.999,243740790.6559956,324855.0,6200.9183,117103908.0751847,0.0
61,2023-01-13 05:00:00,18910.8,19057.7,18858.98,19042.01,18027.7203,2023-01-13 05:59:59.999,341823563.0891916,457169.0,9186.75495,174191199.9823151,0.0
62,2023-01-13 06:00:00,19042.87,19045.17,18888.79,18920.95,13932.14357,2023-01-13 06:59:59.999,264179998.8560136,373256.0,6818.45166,129299011.9538089,0.0
63,2023-01-13 07:00:00,18920.95,18936.98,18811.52,18864.59,12196.93938,2023-01-13 07:59:59.999,230348178.2311989,315847.0,6004.37532,113401284.0837882,0.0
64,2023-01-13 08:00:00,18864.59,18902.04,18812.0,18854.84,11447.72178,2023-01-13 08:59:59.999,215987098.6594161,292396.0,5592.8365,105525600.282554,0.0
65,2023-01-13 09:00:00,18854.84,19143.28,18833.51,18996.27,21812.49739,2023-01-13 09:59:59.999,413745689.5872382,441429.0,10948.71027,207683657.5047716,0.0
66,2023-01-13 10:00:00,18996.27,19310.91,18984.09,19261.19,39505.15947,2023-01-13 10:59:59.999,757696813.6062143,614962.0,19738.1138,378565549.4656117,0.0
67,2023-01-13 11:00:00,19261.19,19276.41,19060.15,19133.39,21990.08148,2023-01-13 11:59:59.999,420906997.4368726,405758.0,10785.76278,206444195.7064733,0.0
68,2023-01-13 12:00:00,19133.39,19406.26,19105.5,19256.06,24276.05083,2023-01-13 12:59:59.999,467906623.0751406,422733.0,12254.09777,236179184.6244919,0.0
69,2023-01-13 13:00:00,19255.84,19387.37,19253.76,19292.44,16005.03199,2023-01-13 13:59:59.999,309054753.072427,313015.0,8014.19487,154756148.2345972,0.0
70,2023-01-13 14:00:00,19293.25,19373.0,19246.12,19362.01,13817.14939,2023-01-13 14:59:59.999,266720859.0866579,312458.0,6935.87893,133889868.8460223,0.0
71,2023-01-13 15:00:00,19363.43,19497.18,19315.77,19473.67,18901.95762,2023-01-13 15:59:59.999,366785287.4704754,373514.0,9520.59406,184753603.3954607,0.0
72,2023-01-13 16:00:00,19474.82,19911.82,19375.52,19816.81,28641.78804,2023-01-13 16:59:59.999,562491254.9468316,506257.0,14736.62473,289449664.5881322,0.0
73,2023-01-13 17:00:00,19816.81,20000.0,19786.43,19849.41,20913.07012,2023-01-13 17:59:59.999,416142872.5601146,403223.0,10626.09164,211471727.7639031,0.0
74,2023-01-13 18:00:00,19848.53,19942.2,19728.62,19930.01,10107.44185,2023-01-13 18:59:59.999,200588912.4394629,262421.0,5072.81048,100681846.5992636,0.0
75,2023-01-13 19:00:00,19930.01,21258.0,19888.05,20891.67,66759.62394,2023-01-13 19:59:59.999,1375804967.1390312,923255.0,34543.45651,711955754.5615855,0.0
76,2023-01-13 20:00:00,20891.67,21088.0,20691.13,20927.44,28721.89375,2023-01-13 20:59:59.999,600290233.3257047,542830.0,14363.31706,300232169.9446951,0.0
77,2023-01-13 21:00:00,20926.78,21037.89,20820.06,20938.93,21828.4948,2023-01-13 21:59:59.999,457089087.3629343,459066.0,10960.45946,229517161.6554261,0.0
78,2023-01-13 22:00:00,20937.87,20986.3,20781.81,20967.23,15596.51492,2023-01-13 22:59:59.999,325908243.1555212,367704.0,7879.20123,164649914.5623042,0.0
79,2023-01-13 23:00:00,20967.23,21033.64,20878.33,20894.86,13195.35042,2023-01-13 23:59:59.999,276252210.9071597,315943.0,6536.81843,136862581.7721889,0.0
80,2023-01-14 00:00:00,20895.43,20914.81,20777.37,20841.62,11892.84254,2023-01-14 00:59:59.999,247926811.6472103,304137.0,5982.3099,124710593.2830264,0.0
81,2023-01-14 01:00:00,20840.65,20973.63,20838.53,20955.57,9645.2354,2023-01-14 01:59:59.999,201710084.32568,294073.0,4832.33452,101062638.4884301,0.0
82,2023-01-14 02:00:00,20954.37,20967.94,20850.0,20897.36,9942.91758,2023-01-14 02:59:59.999,207954313.9681686,296743.0,4743.21616,99206576.6276654,0.0
83,2023-01-14 03:00:00,20897.36,21022.39,20875.6,21003.35,11647.1779,2023-01-14 03:59:59.999,244135379.4444717,328047.0,5999.40211,125750962.8149649,0.0
84,2023-01-14 04:00:00,21003.35,21010.83,20306.64,20523.75,34526.45807,2023-01-14 04:59:59.999,710506293.564333,661490.0,16691.66268,343377600.860219,0.0
85,2023-01-14 05:00:00,20523.75,20526.88,20225.06,20496.77,18153.54315,2023-01-14 05:59:59.999,370373738.7086361,401225.0,9039.10947,184434594.3007302,0.0
86,2023-01-14 06:00:00,20496.77,20755.19,20472.39,20721.73,15443.07562,2023-01-14 06:59:59.999,319031331.3345565,353069.0,7844.29803,162048552.6134222,0.0
87,2023-01-14 07:00:00,20721.03,20975.0,20575.06,20911.19,18682.39138,2023-01-14 07:59:59.999,388611275.5006934,398457.0,9288.32791,193214357.5229411,0.0
88,2023-01-14 08:00:00,20911.19,20982.26,20782.86,20940.71,12769.52817,2023-01-14 08:59:59.999,266644036.6375902,346789.0,6532.71695,136427451.2119744,0.0
89,2023-01-14 09:00:00,20939.26,21200.0,20568.12,20834.4,23382.71318,2023-01-14 09:59:59.999,488560733.2676609,483305.0,11802.14759,246662889.927994,0.0
90,2023-01-14 10:00:00,20832.6,20896.0,20629.84,20786.74,15922.70411,2023-01-14 10:59:59.999,330953491.6038123,341777.0,7843.20449,163028458.494486,0.0
91,2023-01-14 11:00:00,20785.85,20866.24,20750.81,20810.66,12083.54299,2023-01-14 11:59:59.999,251405648.3110508,277444.0,6125.12546,127443171.9865678,0.0
92,2023-01-14 12:00:00,20809.94,20911.23,20725.32,20755.78,11055.39428,2023-01-14 12:59:59.999,230329386.8731615,262000.0,5296.0039,110348483.9009438,0.0
93,2023-01-14 13:00:00,20755.78,20800.0,20660.0,20757.99,8912.40137,2023-01-14 13:59:59.999,184745662.6020304,239643.0,4340.75194,89982548.6514966,0.0
94,2023-01-14 14:00:00,20757.99,20861.28,20717.41,20783.68,8210.56962,2023-01-14 14:59:59.999,170689284.1484965,228444.0,4089.2187,85012797.2432944,0.0
95,2023-01-14 15:00:00,20783.68,20899.4,20758.0,20877.47,6009.78342,2023-01-14 15:59:59.999,125112679.0061582,191564.0,3150.09308,65584485.5498386,0.0
96,2023-01-14 16:00:00,20876.31,20947.84,20827.31,20900.66,7390.95259,2023-01-14 16:59:59.999,154400120.0762273,227024.0,3736.6099,78061603.0801373,0.0
97,2023-01-14 17:00:00,20900.66,21023.93,20864.29,20989.97,5335.75759,2023-01-14 17:59:59.999,111659172.8067006,182231.0,2865.36155,59970935.9992939,0.0
98,2023-01-14 18:00:00,20989.97,21072.27,20933.33,20954.92,6804.88272,2023-01-14 18:59:59.999,142977381.3291989,233285.0,3332.40506,70021877.1167939,0.0
99,2023-01-14 19:00:00,20952.76,21001.84,20623.21,20767.05,14735.14851,2023-01-14 19:59:59.999,306555040.0037058,385102.0,7087.26178,147452754.4022056,0.0
100,2023-01-14 20:00:00,20766.57,20789.96,20647.78,20770.29,7937.08168,2023-01-14 20:59:59.999,164479429.5094828,264034.0,3911.73001,81063085.2437846,0.0
101,2023-01-14 21:00:00,20771.27,20816.7,20667.96,20672.91,7268.68577,2023-01-14 21:59:59.999,150721727.2371246,203885.0,3564.34003,73918317.8790769,0.0
102,2023-01-14 22:00:00,20672.79,20742.83,20551.01,20719.09,8095.435,2023-01-14 22:59:59.999,167250706.0663963,234224.0,3950.30461,81620016.2198042,0.0
103,2023-01-14 23:00:00,20719.09,20759.87,20679.0,20698.14,4760.81434,2023-01-14 23:59:59.999,98632278.0475888,170542.0,2384.92037,49412055.7332222,0.0
104,2023-01-15 00:00:00,20698.14,20785.0,20677.38,20749.76,5102.14697,2023-01-15 00:59:59.999,105828785.1297115,172079.0,2569.23773,53292303.5811826,0.0
105,2023-01-15 01:00:00,20748.94,20789.58,20698.0,20717.0,4727.89874,2023-01-15 01:59:59.999,98080267.6460636,164766.0,2297.25119,47660784.9944676,0.0
106,2023-01-15 02:00:00,20717.0,20739.82,20666.88,20735.69,5685.65589,2023-01-15 02:59:59.999,117731886.1676749,182823.0,2886.42488,59772458.1620773,0.0
107,2023-01-15 03:00:00,20735.69,20755.22,20591.21,20617.71,9316.58251,2023-01-15 03:59:59.999,192574449.7225468,249642.0,4394.76564,90851149.4464627,0.0
108,2023-01-15 04:00:00,20617.93,20754.54,20573.13,20750.59,8557.69198,2023-01-15 04:59:59.999,176649930.6202607,231922.0,4499.79994,92901469.2126647,0.0
109,2023-01-15 05:00:00,20748.94,20759.0,20692.17,20732.83,5197.76285,2023-01-15 05:59:59.999,107741598.6150209,178871.0,2602.5041,53947757.6278159,0.0
110,2023-01-15 06:00:00,20732.83,20741.64,20657.81,20722.23,5578.01992,2023-01-15 06:59:59.999,115487796.9201628,186897.0,2671.79891,55320599.9495857,0.0
111,2023-01-15 07:00:00,20722.23,20744.89,20652.24,20694.03,5026.75295,2023-01-15 07:59:59.999,104067622.1552931,167909.0,2449.21986,50709861.6701918,0.0
112,2023-01-15 08:00:00,20694.03,20844.29,20685.0,20705.79,7209.06636,2023-01-15 08:59:59.999,149512408.3316465,213184.0,3631.61665,75325271.7706183,0.0
113,2023-01-15 09:00:00,20705.79,20818.15,20670.7,20787.58,7251.10535,2023-01-15 09:59:59.999,150430469.9520866,228882.0,3600.12772,74691463.7935507,0.0
114,2023-01-15 10:00:00,20787.87,20994.05,20776.47,20908.28,13017.58428,2023-01-15 10:59:59.999,271781742.6444425,294475.0,6723.90733,140389663.183763,0.0
115,2023-01-15 11:00:00,20906.97,20961.81,20850.72,20869.2,9453.15336,2023-01-15 11:59:59.999,197535483.6086618,259528.0,4669.74181,97584002.8664972,0.0
116,2023-01-15 12:00:00,20871.09,21050.74,20865.33,20920.23,11029.40649,2023-01-15 12:59:59.999,231042675.8166416,288091.0,5476.63319,114729728.1804783,0.0
117,2023-01-15 13:00:00,20921.48,20923.59,20665.0,20817.94,12011.63609,2023-01-15 13:59:59.999,249755727.6406589,291849.0,5784.01821,120271302.227513,0.0
118,2023-01-15 14:00:00,20817.94,20903.47,20776.78,20870.15,5169.47152,2023-01-15 14:59:59.999,107794788.5138529,170274.0,2634.29357,54934085.3027402,0.0
119,2023-01-15 15:00:00,20870.15,20929.99,20836.1,20905.69,5012.8686,2023-01-15 15:59:59.999,104654385.4809772,157033.0,2472.11906,51610787.3715684,0.0
120,2023-01-15 16:00:00,20904.74,20932.4,20860.01,20900.62,4089.65709,2023-01-15 16:59:59.999,85462275.6434166,136510.0,1943.51712,40615721.4591155,0.0
121,2023-01-15 17:00:00,20900.62,20952.37,20746.39,20911.27,6528.17941,2023-01-15 17:59:59.999,136065587.7897423,187517.0,3283.9056,68450827.2278387,0.0
122,2023-01-15 18:00:00,20911.27,20938.6,20837.0,20871.5,5780.41983,2023-01-15 18:59:59.999,120689542.8758049,174315.0,2821.39977,58911164.1976455,0.0
123,2023-01-15 19:00:00,20872.99,20999.25,20770.2,20966.58,10746.9633,2023-01-15 19:59:59.999,224342228.5126643,278689.0,5408.99526,112916185.8245451,0.0
124,2023-01-15 20:00:00,20966.58,21322.0,20913.2,21182.87,23437.22746,2023-01-15 20:59:59.999,495352030.1170649,465451.0,12029.90047,254255386.0846304,0.0
125,2023-01-15 21:00:00,21182.87,21439.59,21118.94,21209.31,19388.71779,2023-01-15 21:59:59.999,412489488.3534796,406459.0,9626.87382,204826144.4588313,0.0
126,2023-01-15 22:00:00,21208.54,21229.92,21028.02,21075.68,12123.46188,2023-01-15 22:59:59.999,255905733.9624019,311744.0,5847.4028,123430387.04047,0.0
127,2023-01-15 23:00:00,21074.8,21166.8,21037.64,21148.99,8170.58991,2023-01-15 23:59:59.999,172441480.6818326,228631.0,4107.53017,86693963.7911794,0.0
128,2023-01-16 00:00:00,21147.98,21216.7,21119.05,21187.16,6954.41915,2023-01-16 00:59:59.999,147198584.4015858,212925.0,3511.07101,74318674.8341237,0.0
129,2023-01-16 01:00:00,21187.89,21260.0,21106.96,21149.8,10204.48252,2023-01-16 01:59:59.999,215982782.50536,275289.0,4987.49439,105573816.1068236,0.0
130,2023-01-16 02:00:00,21149.8,21159.7,21066.23,21109.23,7602.55388,2023-01-16 02:59:59.999,160416026.737633,228737.0,3674.8885,77544148.1466961,0.0
131,2023-01-16 03:00:00,21109.4,21113.22,20666.0,20747.7,24188.23332,2023-01-16 03:59:59.999,503274192.6745936,473418.0,11633.38614,242022498.266973,0.0
132,2023-01-16 04:00:00,20746.75,20840.0,20720.0,20824.08,9658.96868,2023-01-16 04:59:59.999,200817742.8298586,245721.0,4833.05455,100489301.4863146,0.0
133,2023-01-16 05:00:00,20824.55,20900.0,20800.0,20850.68,8590.12146,2023-01-16 05:59:59.999,179068429.5233116,239419.0,4386.64109,91452388.0764951,0.0
134,2023-01-16 06:00:00,20850.31,20860.4,20781.11,20817.56,7020.44092,2023-01-16 06:59:59.999,146215644.9106182,215352.0,3291.56115,68556909.1251668,0.0
135,2023-01-16 07:00:00,20816.63,20867.41,20777.04,20787.54,6680.21021,2023-01-16 07:59:59.999,139125527.8819591,203746.0,3253.44192,67764341.7091203,0.0
136,2023-01-16 08:00:00,20787.54,20870.0,20766.35,20827.47,7183.28414,2023-01-16 08:59:59.999,149580974.8060998,207331.0,3569.80926,74342762.4334369,0.0
137,2023-01-16 09:00:00,20827.47,20894.0,20756.0,20860.68,10008.38954,2023-01-16 09:59:59.999,208620741.5989124,257736.0,4958.92909,103372361.8070296,0.0
138,2023-01-16 10:00:00,20860.68,21053.89,20611.48,20994.17,26139.39635,2023-01-16 10:59:59.999,545881988.0322815,473680.0,13140.33436,274463909.2032848,0.0
139,2023-01-16 11:00:00,20995.37,21050.0,20916.43,20998.5,11603.50524,2023-01-16 11:59:59.999,243506972.1501895,282530.0,5716.48666,119969822.6496212,0.0
140,2023-01-16 12:00:00,20998.5,21176.5,20985.33,21103.99,13455.47666,2023-01-16 12:59:59.999,283457055.4610199,295720.0,6785.92972,142963835.8856673,0.0
141,2023-01-16 13:00:00,21102.71,21296.37,21053.55,21281.97,12337.10199,2023-01-16 13:59:59.999,260903301.1976024,269429.0,6271.04113,132632833.4940931,0.0
142,2023-01-16 14:00:00,21281.96,21414.42,21216.0,21308.57,20188.95342,2023-01-16 14:59:59.999,430534694.8484962,397692.0,10006.61748,213410465.3942747,0.0
143,2023-01-16 15:00:00,21307.29,21474.05,21216.05,21292.0,13665.81287,2023-01-16 15:59:59.999,291229781.0758876,287251.0,6652.70115,141805073.3560771,0.0
144,2023-01-16 16:00:00,21292.0,21294.0,21048.16,21132.36,11788.13722,2023-01-16 16:59:59.999,249454268.6764223,270416.0,5700.33445,120625490.7253267,0.0
145,2023-01-16 17:00:00,21133.34,21224.12,21127.04,21185.89,5784.32972,2023-01-16 17:59:59.999,122508782.1109664,166180.0,2982.2699,63164502.4212303,0.0
146,2023-01-16 18:00:00,21185.89,21227.0,21097.27,21185.65,6157.30499,2023-01-16 18:59:59.999,130345599.9923964,162888.0,2975.97495,63002256.0639414,0.0
147,2023-01-16 19:00:00,21185.65,21299.04,21064.56,21109.52,16464.46502,2023-01-16 19:59:59.999,348531137.1147797,372425.0,8214.40053,173899112.9575177,0.0
148,2023-01-16 20:00:00,21108.16,21146.13,20841.31,21041.3,13930.22817,2023-01-16 20:59:59.999,292585722.7678638,344888.0,6941.85875,145810352.9429135,0.0
149,2023-01-16 21:00:00,21039.96,21110.86,20986.34,21102.13,6781.60315,2023-01-16 21:59:59.999,142759743.4989945,211668.0,3485.73387,73382233.8639014,0.0
150,2023-01-16 22:00:00,21102.13,21173.4,21061.93,21124.57,6278.4675,2023-01-16 22:59:59.999,132538386.0208519,202946.0,3181.26152,67159123.9440628,0.0
151,2023-01-16 23:00:00,21124.57,21236.62,21102.02,21159.29,8071.76476,2023-01-16 23:59:59.999,170845196.5835434,228025.0,3930.78356,83200061.9070913,0.0
152,2023-01-17 00:00:00,21159.29,21185.87,21130.0,21151.21,5747.39242,2023-01-17 00:59:59.999,121594810.7263764,195139.0,2849.79623,60294674.4170901,0.0
153,2023-01-17 01:00:00,21151.21,21156.28,21063.52,21075.27,5862.87157,2023-01-17 01:59:59.999,123827925.8983216,190312.0,2784.73617,58818564.8628415,0.0
154,2023-01-17 02:00:00,21076.5,21177.14,21060.8,21133.65,8038.47098,2023-01-17 02:59:59.999,169711464.6807129,235296.0,4072.26727,85978588.6572329,0.0
155,2023-01-17 03:00:00,21133.65,21214.18,21128.59,21200.95,7970.93276,2023-01-17 03:59:59.999,168785198.1004486,240275.0,3947.25967,83586141.5448734,0.0
156,2023-01-17 04:00:00,21199.51,21249.46,21145.0,21174.92,7959.74132,2023-01-17 04:59:59.999,168604701.2758738,220443.0,4077.24079,86366364.0601821,0.0
157,2023-01-17 05:00:00,21173.9,21181.88,21082.48,21129.69,8319.63168,2023-01-17 05:59:59.999,175807845.5317035,221963.0,4038.9901,85356045.8443511,0.0
158,2023-01-17 06:00:00,21130.43,21236.74,21103.0,21219.75,8516.60096,2023-01-17 06:59:59.999,180307709.6394124,239001.0,4336.69151,91814551.357323,0.0
159,2023-01-17 07:00:00,21219.21,21352.0,21190.27,21252.23,13590.02744,2023-01-17 07:59:59.999,289003001.4467047,320144.0,6852.41611,145727560.3674346,0.0
160,2023-01-17 08:00:00,21253.23,21271.18,21177.42,21235.07,8864.68824,2023-01-17 08:59:59.999,188168063.2970373,234008.0,4237.62984,89954616.32784,0.0
161,2023-01-17 09:00:00,21235.07,21647.45,21056.0,21281.66,40856.89672,2023-01-17 09:59:59.999,869240132.6462449,671918.0,20923.16956,445236601.0635172,0.0
162,2023-01-17 10:00:00,21281.66,21389.48,21030.0,21176.06,23792.89942,2023-01-17 10:59:59.999,505001730.3175854,423228.0,11623.00451,246739106.118973,0.0
163,2023-01-17 11:00:00,21176.06,21250.0,21084.0,21162.92,14338.97407,2023-01-17 11:59:59.999,303406194.1299052,293834.0,7008.40484,148308841.8032195,0.0
164,2023-01-17 12:00:00,21161.92,21246.15,21086.0,21220.78,10081.28681,2023-01-17 12:59:59.999,213336523.5780905,239500.0,5018.18136,106208572.1081498,0.0
165,2023-01-17 13:00:00,21222.39,21412.0,21184.95,21362.89,12955.34767,2023-01-17 13:59:59.999,275925059.1867427,285233.0,6719.52648,143134101.551904,0.0
166,2023-01-17 14:00:00,21362.89,21383.14,21283.27,21336.46,11282.92286,2023-01-17 14:59:59.999,240737493.2880317,238846.0,5432.75354,115921538.0939089,0.0
167,2023-01-17 15:00:00,21336.46,21398.48,21263.22,21390.44,10341.90563,2023-01-17 15:59:59.999,220709373.3674317,232045.0,5127.25013,109429805.217185,0.0
168,2023-01-17 16:00:00,21391.82,21413.15,21274.56,21312.63,8660.07552,2023-01-17 16:59:59.999,184655553.5759899,207039.0,4246.42431,90547754.3737094,0.0
169,2023-01-17 17:00:00,21312.63,21339.99,21206.63,21232.38,6080.38445,2023-01-17 17:59:59.999,129428015.922951,158792.0,2943.59705,62660493.307643,0.0
170,2023-01-17 18:00:00,21232.38,21275.0,21121.71,21134.81,10620.16497,2023-01-17 18:59:59.999,225074786.8944958,233170.0,5128.26541,108692367.5561653,0.0
171,2023-01-17 19:00:00,21132.29,21242.55,21103.15,21202.97,9357.75343,2023-01-17 19:59:59.999,198188018.2050171,247996.0,4699.62296,99534411.9121195,0.0
172,2023-01-17 20:00:00,21202.42,21264.98,21175.0,21243.96,8085.67819,2023-01-17 20:59:59.999,171579668.9248342,225710.0,4134.91604,87748399.842475,0.0
173,2023-01-17 21:00:00,21243.96,21352.46,21152.0,21292.56,12814.49515,2023-01-17 21:59:59.999,272356833.6897427,312450.0,6414.02524,136333153.8492986,0.0
174,2023-01-17 22:00:00,21293.76,21377.44,21255.69,21258.54,10043.2727,2023-01-17 22:59:59.999,214056171.9944828,262374.0,4951.86445,105547494.6956695,0.0
175,2023-01-17 23:00:00,21257.0,21301.23,21228.54,21279.61,6556.92986,2023-01-17 23:59:59.999,139459958.8148578,194590.0,3289.78021,69972584.7101709,0.0
176,2023-01-18 00:00:00,21279.61,21320.0,21254.27,21311.33,6574.57324,2023-01-18 00:59:59.999,139967917.3126172,191840.0,3290.31236,70050861.9888813,0.0
177,2023-01-18 01:00:00,21311.32,21316.24,21244.88,21261.76,6388.56334,2023-01-18 01:59:59.999,135924538.1111592,200227.0,3129.60003,66585484.3051597,0.0
178,2023-01-18 02:00:00,21261.03,21308.42,21246.43,21307.94,7177.36036,2023-01-18 02:59:59.999,152717881.4015097,209934.0,3695.79887,78641337.9433485,0.0
179,2023-01-18 03:00:00,21307.94,21316.77,21210.0,21249.31,8696.92487,2023-01-18 03:59:59.999,184882314.4592295,256511.0,4088.14566,86909968.6719482,0.0
180,2023-01-18 04:00:00,21249.31,21282.0,21151.0,21230.09,10040.50708,2023-01-18 04:59:59.999,213132970.3649229,260902.0,4728.07856,100378856.5513746,0.0
181,2023-01-18 05:00:00,21230.54,21257.31,21164.51,21183.83,7483.79637,2023-01-18 05:59:59.999,158784172.2407067,219742.0,3592.53984,76225739.577752,0.0
182,2023-01-18 06:00:00,21183.02,21237.47,21172.9,21204.67,7004.18279,2023-01-18 06:59:59.999,148539721.2553024,203053.0,3542.38381,75126010.0537057,0.0
183,2023-01-18 07:00:00,21204.67,21295.97,21202.57,21259.18,7787.02842,2023-01-18 07:59:59.999,165414687.0673558,219305.0,4033.70578,85687287.7472927,0.0
184,2023-01-18 08:00:00,21260.13,21471.27,21196.03,21403.31,23163.62002,2023-01-18 08:59:59.999,494208154.1071069,453801.0,11740.17087,250493719.6145918,0.0
185,2023-01-18 09:00:00,21403.31,21650.0,21314.12,21424.3,31303.98521,2023-01-18 09:59:59.999,671554538.543756,573017.0,15691.40813,336658995.020502,0.0
186,2023-01-18 10:00:00,21424.3,21560.0,20842.0,21042.73,35284.17703,2023-01-18 10:59:59.999,749053749.1902965,604930.0,16670.87291,353922742.3538173,0.0
187,2023-01-18 11:00:00,21042.73,21042.73,20407.15,20845.47,47359.39116,2023-01-18 11:59:59.999,981914638.4381056,854944.0,23510.16391,487522779.6576975,0.0
188,2023-01-18 12:00:00,20849.89,21136.8,20743.53,20887.85,37531.0477,2023-01-18 12:59:59.999,785707914.7852688,643747.0,18435.76064,385998817.4443405,0.0
189,2023-01-18 13:00:00,20887.85,21063.52,20840.81,20936.83,18670.06218,2023-01-18 13:59:59.999,390906860.3670647,349595.0,8989.24793,188228110.3553571,0.0
190,2023-01-18 14:00:00,20936.37,20980.0,20881.19,20906.54,8985.84095,2023-01-18 14:59:59.999,188118834.5242057,219596.0,4262.4036,89237066.4392909,0.0
191,2023-01-18 15:00:00,20905.37,20938.67,20666.79,20732.6,15186.90879,2023-01-18 15:59:59.999,315905964.7898124,306109.0,7479.12844,155586646.012373,0.0
192,2023-01-18 16:00:00,20731.35,20841.18,20712.96,20780.36,9302.66328,2023-01-18 16:59:59.999,193305632.8204835,199461.0,4755.24497,98813348.4614842,0.0
193,2023-01-18 17:00:00,20780.36,20815.0,20624.02,20805.8,6866.48186,2023-01-18 17:59:59.999,142372950.9483762,185439.0,3432.97541,71190143.9497701,0.0
194,2023-01-18 18:00:00,20805.8,20818.01,20642.69,20677.47,9250.77551,2023-01-18 18:59:59.999,191665102.8905115,221900.0,4616.26628,95643847.1577944,0.0
195,2023-01-18 19:00:00,20677.47,20764.64,20660.15,20694.01,10490.32223,2023-01-18 19:59:59.999,217305499.9545773,273083.0,5338.61752,110593196.6765751,0.0
196,2023-01-18 20:00:00,20694.64,20775.85,20676.32,20716.95,8379.63472,2023-01-18 20:59:59.999,173744792.5098651,233775.0,4166.63252,86392312.39877,0.0
197,2023-01-18 21:00:00,20716.95,20777.82,20659.19,20763.66,8783.78767,2023-01-18 21:59:59.999,182065750.5494478,231474.0,4428.16319,91789151.3897104,0.0
198,2023-01-18 22:00:00,20763.32,20817.85,20742.3,20748.04,9613.76916,2023-01-18 22:59:59.999,199725088.9368643,237390.0,4688.38444,97402788.9201952,0.0
199,2023-01-18 23:00:00,20748.04,20874.81,20742.71,20810.18,8614.8224,2023-01-18 23:59:59.999,179278640.8219312,213613.0,4325.08213,90007304.7423962,0.0
200,2023-01-19 00:00:00,20810.53,20851.14,20793.34,20814.82,6082.19494,2023-01-19 00:59:59.999,126621234.1265441,170568.0,3013.53359,62737858.5789001,0.0
201,2023-01-19 01:00:00,20814.82,20856.0,20799.0,20828.59,6862.69674,2023-01-19 01:59:59.999,142951383.7163601,198926.0,3547.23567,73891509.4704825,0.0
202,2023-01-19 02:00:00,20829.12,20848.83,20803.39,20818.95,7288.91229,2023-01-19 02:59:59.999,151803903.3263322,201756.0,3635.09332,75708344.6367654,0.0
203,2023-01-19 03:00:00,20818.94,20846.75,20758.0,20769.06,9573.54624,2023-01-19 03:59:59.999,199163920.8492014,230486.0,4538.51128,94423363.8169969,0.0
204,2023-01-19 04:00:00,20769.06,20810.0,20730.58,20795.39,8720.29962,2023-01-19 04:59:59.999,181179279.97268,227206.0,4335.11727,90072218.0103465,0.0
205,2023-01-19 05:00:00,20794.73,20802.97,20749.98,20796.47,7640.4019,2023-01-19 05:59:59.999,158744397.8353472,197256.0,3743.91537,77789779.6333738,0.0
206,2023-01-19 06:00:00,20796.47,20799.83,20706.9,20743.72,9588.19257,2023-01-19 06:59:59.999,198903350.4189326,238216.0,4609.09061,95611659.4610462,0.0
207,2023-01-19 07:00:00,20744.17,20775.71,20679.65,20727.03,10629.2648,2023-01-19 07:59:59.999,220415747.906249,249450.0,5248.80447,108849058.6260056,0.0
208,2023-01-19 08:00:00,20728.3,20813.98,20660.8,20776.95,14871.00227,2023-01-19 08:59:59.999,308410080.5063587,319878.0,7433.56466,154170891.7273254,0.0
209,2023-01-19 09:00:00,20776.06,20883.8,20718.83,20799.4,17213.76998,2023-01-19 09:59:59.999,357782184.282877,328462.0,8514.93625,176993164.8452939,0.0
210,2023-01-19 10:00:00,20799.98,20960.23,20785.0,20876.44,18617.72318,2023-01-19 10:59:59.999,388804075.3223526,344861.0,8972.69211,187388153.790067,0.0
211,2023-01-19 11:00:00,20876.44,20926.84,20826.76,20875.41,11822.69262,2023-01-19 11:59:59.999,246839944.6847607,244181.0,5910.58047,123407264.0470652,0.0
212,2023-01-19 12:00:00,20874.69,20944.71,20791.13,20841.16,11692.45119,2023-01-19 12:59:59.999,244139234.467652,238854.0,5641.65276,117806000.2987483,0.0
213,2023-01-19 13:00:00,20841.16,21023.11,20831.08,20977.73,12709.10267,2023-01-19 13:59:59.999,265806499.8589896,263406.0,6704.07349,140219759.33479,0.0
214,2023-01-19 14:00:00,20978.76,21142.07,20949.34,21090.95,15284.71294,2023-01-19 14:59:59.999,321933607.5744633,303510.0,7787.65382,164034382.5448333,0.0
215,2023-01-19 15:00:00,21092.1,21192.0,21036.76,21102.44,14030.5587,2023-01-19 15:59:59.999,296340433.3738996,289308.0,6851.88467,144726212.2041951,0.0
216,2023-01-19 16:00:00,21102.44,21115.28,20919.31,20932.98,8902.78114,2023-01-19 16:59:59.999,187125103.2845942,213061.0,4353.27475,91512231.1721009,0.0
217,2023-01-19 17:00:00,20933.65,21083.57,20930.01,21065.23,6648.58457,2023-01-19 17:59:59.999,139665307.9125568,175448.0,3543.6289,74440211.045702,0.0
218,2023-01-19 18:00:00,21065.84,21125.43,21015.81,21071.59,7324.62471,2023-01-19 18:59:59.999,154274867.8183638,195764.0,3592.1111,75663056.717343,0.0
219,2023-01-19 19:00:00,21071.59,21121.42,21028.95,21054.74,9394.96625,2023-01-19 19:59:59.999,197927428.9181128,256594.0,4666.66203,98317853.1359681,0.0
220,2023-01-19 20:00:00,21054.02,21151.67,21013.96,21117.28,9324.69056,2023-01-19 20:59:59.999,196663730.1275063,221857.0,4598.13984,96979021.2235273,0.0
221,2023-01-19 21:00:00,21116.44,21219.6,21078.55,21079.66,11547.13357,2023-01-19 21:59:59.999,244053236.0580127,256823.0,5803.12447,122662412.4284168,0.0
222,2023-01-19 22:00:00,21079.66,21113.61,21058.02,21087.74,6874.54009,2023-01-19 22:59:59.999,144994917.0574678,187374.0,3555.16792,74986065.0805194,0.0
223,2023-01-19 23:00:00,21087.74,21127.33,20972.24,20991.01,9914.72397,2023-01-19 23:59:59.999,208777000.6552288,238661.0,4826.61341,101642383.7249747,0.0
224,2023-01-20 00:00:00,20991.01,21037.78,20953.23,20982.27,10111.85773,2023-01-20 00:59:59.999,212253647.7175131,233904.0,5012.19973,105211534.9570914,0.0
225,2023-01-20 01:00:00,20983.09,20999.8,20926.14,20943.73,8809.62263,2023-01-20 01:59:59.999,184709416.4489948,220658.0,4236.13847,88820489.8985517,0.0
226,2023-01-20 02:00:00,20943.73,20987.0,20861.28,20959.44,9639.22592,2023-01-20 02:59:59.999,201909531.0481664,243887.0,4874.97882,102116547.864494,0.0
227,2023-01-20 03:00:00,20958.43,20976.35,20898.79,20946.15,8841.85973,2023-01-20 03:59:59.999,185160234.0648128,226066.0,4496.09461,94154108.9258012,0.0
228,2023-01-20 04:00:00,20946.98,20993.99,20905.22,20959.17,8313.07021,2023-01-20 04:59:59.999,174175897.2643796,220200.0,4115.24208,86225940.3901852,0.0
229,2023-01-20 05:00:00,20959.76,20970.3,20915.41,20962.16,8504.89676,2023-01-20 05:59:59.999,178111402.2031468,213280.0,4183.83587,87620120.983337,0.0
230,2023-01-20 06:00:00,20962.68,20984.87,20935.17,20963.51,7633.03625,2023-01-20 06:59:59.999,160026921.8595483,205674.0,3739.7025,78404737.018078,0.0
231,2023-01-20 07:00:00,20963.34,21127.28,20955.53,21089.54,13835.90061,2023-01-20 07:59:59.999,291224226.7927971,296821.0,6931.94052,145904982.2993777,0.0
232,2023-01-20 08:00:00,21088.82,21147.0,21041.41,21058.68,12991.81511,2023-01-20 08:59:59.999,273987445.7938964,294650.0,6398.26863,134941747.7455225,0.0
233,2023-01-20 09:00:00,21059.71,21168.69,21013.73,21153.97,18814.44356,2023-01-20 09:59:59.999,396885782.0734603,370893.0,9446.68721,199289196.2208313,0.0
234,2023-01-20 10:00:00,21153.0,21247.55,21105.99,21144.77,18076.41381,2023-01-20 10:59:59.999,382536522.4639802,382861.0,8840.24168,187093638.0474128,0.0
235,2023-01-20 11:00:00,21145.05,21415.64,21140.99,21313.29,20597.49818,2023-01-20 11:59:59.999,438106321.0912167,418653.0,10828.32558,230344115.6301781,0.0
236,2023-01-20 12:00:00,21313.29,21410.0,21279.9,21353.61,15591.7682,2023-01-20 12:59:59.999,332974281.4790165,326089.0,7589.73411,162088731.0202666,0.0
237,2023-01-20 13:00:00,21353.62,21437.3,21290.57,21384.49,16897.42332,2023-01-20 13:59:59.999,360986072.3239403,322033.0,8390.41882,179263041.9411488,0.0
238,2023-01-20 14:00:00,21385.52,21529.0,21356.7,21496.67,15675.31388,2023-01-20 14:59:59.999,335748759.4458455,324234.0,7970.33338,170738715.7049166,0.0
239,2023-01-20 15:00:00,21496.67,22385.41,21495.75,22288.37,38250.58144,2023-01-20 15:59:59.999,840805979.8667148,696931.0,20232.5528,444682929.4455018,0.0
240,2023-01-20 16:00:00,22288.91,22448.0,22207.78,22315.41,20584.70342,2023-01-20 16:59:59.999,459077698.0996565,434723.0,10494.69223,234064998.2178483,0.0
241,2023-01-20 17:00:00,22316.49,22729.99,22313.66,22595.08,22178.6343,2023-01-20 17:59:59.999,500039516.5743532,461070.0,11165.46466,251716151.9132904,0.0
242,2023-01-20 18:00:00,22593.98,22755.93,22537.8,22667.21,15675.01709,2023-01-20 18:59:59.999,355036920.282765,328499.0,7803.48932,176769434.4536889,0.0
243,2023-01-20 19:00:00,22666.0,22792.86,22422.0,22576.17,20472.4438,2023-01-20 19:59:59.999,462693303.5257511,452985.0,10076.95976,227757795.8985004,0.0
244,2023-01-20 20:00:00,22576.86,22618.78,22551.72,22563.99,9118.0917,2023-01-20 20:59:59.999,205965441.3993556,246912.0,4516.6081,102028343.8958362,0.0
245,2023-01-20 21:00:00,22563.04,22623.21,22508.33,22551.05,9133.08428,2023-01-20 21:59:59.999,206248372.6266201,223368.0,4596.02784,103791518.9407316,0.0
246,2023-01-20 22:00:00,22551.05,22571.4,22492.68,22547.35,7966.3005,2023-01-20 22:59:59.999,179604621.6286122,211894.0,3997.60046,90129979.537399,0.0
247,2023-01-20 23:00:00,22547.83,22643.65,22514.6,22597.96,8799.63999,2023-01-20 23:59:59.999,198761165.8047293,225729.0,4415.38255,99731261.5425932,0.0
248,2023-01-21 00:00:00,22597.96,22621.39,22562.84,22573.98,6273.14562,2023-01-21 00:59:59.999,141699414.8917211,178986.0,2962.11878,66910987.9743624,0.0
249,2023-01-21 01:00:00,22573.99,22622.99,22554.72,22620.93,7304.81276,2023-01-21 01:59:59.999,165067799.8624806,216794.0,3663.96656,82797483.8751457,0.0
250,2023-01-21 02:00:00,22620.42,22670.0,22600.74,22638.36,8626.60818,2023-01-21 02:59:59.999,195236840.3866937,243075.0,4249.9839,96187825.6192545,0.0
251,2023-01-21 03:00:00,22638.36,22776.31,22626.62,22700.63,14325.75294,2023-01-21 03:59:59.999,325350201.4036066,334878.0,6976.75525,158453127.9447945,0.0
252,2023-01-21 04:00:00,22700.62,23100.0,22685.48,23037.49,21435.26207,2023-01-21 04:59:59.999,489812811.8157504,449451.0,11011.72036,251642252.2206641,0.0
253,2023-01-21 05:00:00,23037.46,23335.77,22595.23,22777.52,49733.13453,2023-01-21 05:59:59.999,1142651158.5157168,809870.0,24896.63294,571969878.3939028,0.0
254,2023-01-21 06:00:00,22778.51,22953.93,22652.61,22905.65,16879.35557,2023-01-21 06:59:59.999,385211716.6630438,354424.0,8563.43626,195438386.1629431,0.0
255,2023-01-21 07:00:00,22907.01,23087.63,22888.0,23039.5,16479.91424,2023-01-21 07:59:59.999,378864148.2977053,364929.0,8210.09695,188757564.7028219,0.0
256,2023-01-21 08:00:00,23041.12,23050.0,22851.94,22930.04,13004.21114,2023-01-21 08:59:59.999,298490837.1580725,314972.0,6337.81,145473853.5147093,0.0
257,2023-01-21 09:00:00,22930.87,23018.92,22875.54,22955.26,10483.76615,2023-01-21 09:59:59.999,240539872.6695666,257237.0,5198.03019,119273492.6491571,0.0
258,2023-01-21 10:00:00,22955.8,23280.0,22930.92,22998.9,20526.86682,2023-01-21 10:59:59.999,474703846.8115659,454626.0,10443.60734,241513123.1392323,0.0
259,2023-01-21 11:00:00,22998.9,23269.73,22980.0,23197.45,18963.01053,2023-01-21 11:59:59.999,438761263.1120872,430349.0,9526.45131,220431092.3980099,0.0
260,2023-01-21 12:00:00,23196.43,23371.8,23126.06,23226.65,21948.64533,2023-01-21 12:59:59.999,509943013.3193663,433296.0,11044.38637,256658014.4772298,0.0
261,2023-01-21 13:00:00,23225.17,23269.99,23053.24,23248.52,12484.54121,2023-01-21 13:59:59.999,289380941.7808817,289761.0,6411.41782,148614453.8061106,0.0
262,2023-01-21 14:00:00,23247.4,23308.06,23174.08,23270.5,8812.55582,2023-01-21 14:59:59.999,204857642.846622,242054.0,4439.53262,103210511.258503,0.0
263,2023-01-21 15:00:00,23270.97,23299.55,23080.0,23093.38,9845.15016,2023-01-21 15:59:59.999,228237419.7533948,253272.0,4495.81754,104225592.405167,0.0
264,2023-01-21 16:00:00,23093.38,23220.0,23009.11,23204.64,8119.76021,2023-01-21 16:59:59.999,187922963.8920684,225544.0,4139.70167,95820182.7975078,0.0
265,2023-01-21 17:00:00,23203.41,23210.91,22737.36,22759.71,8554.59214,2023-01-21 17:59:59.999,197356967.1261706,226219.0,3985.786,91976201.1829718,0.0
266,2023-01-21 18:00:00,22757.14,22964.6,22680.73,22783.55,17154.83863,2023-01-21 18:59:59.999,391573403.2404308,355895.0,8503.34074,194123750.0654151,0.0
267,2023-01-21 19:00:00,22783.35,22979.88,22700.06,22877.48,12868.12927,2023-01-21 19:59:59.999,294172516.2376242,343767.0,6596.78961,150813691.4527878,0.0
268,2023-01-21 20:00:00,22877.48,22891.76,22688.78,22792.13,11684.54279,2023-01-21 20:59:59.999,266409687.9467438,316264.0,5840.50477,133169780.7679614,0.0
269,2023-01-21 21:00:00,22793.12,22833.26,22602.55,22707.64,10857.25989,2023-01-21 21:59:59.999,246890889.8070983,289476.0,5219.61026,118696981.7803686,0.0
270,2023-01-21 22:00:00,22706.9,22774.18,22668.48,22758.3,7683.73374,2023-01-21 22:59:59.999,174693297.1588341,227468.0,3843.48806,87384501.0660337,0.0
271,2023-01-21 23:00:00,22759.08,22868.98,22716.72,22847.79,7994.62992,2023-01-21 23:59:59.999,182277245.7681991,238428.0,4097.95975,93434209.0897453,0.0
272,2023-01-22 00:00:00,22847.31,22895.4,22832.56,22878.37,7323.69528,2023-01-22 00:59:59.999,167480207.5390393,214676.0,3622.25308,82836226.9933494,0.0
273,2023-01-22 01:00:00,22878.37,22967.33,22862.7,22919.67,7256.88643,2023-01-22 01:59:59.999,166323002.115634,208254.0,3633.67068,83280699.4237692,0.0
274,2023-01-22 02:00:00,22920.74,22959.68,22875.0,22895.2,7193.47495,2023-01-22 02:59:59.999,164827142.8202505,182783.0,3462.83343,79346978.310006,0.0
275,2023-01-22 03:00:00,22895.49,22921.24,22809.56,22909.76,7787.97022,2023-01-22 03:59:59.999,178162364.9669863,221814.0,3887.24389,88929652.469262,0.0
276,2023-01-22 04:00:00,22908.2,22938.12,22833.59,22856.68,7865.51774,2023-01-22 04:59:59.999,180068995.8099342,217652.0,3844.7025,88018404.5042063,0.0
277,2023-01-22 05:00:00,22857.48,22903.51,22839.09,22872.97,6492.94012,2023-01-22 05:59:59.999,148496953.1036557,195182.0,3260.54578,74572808.4031217,0.0
278,2023-01-22 06:00:00,22872.21,22884.91,22726.02,22783.61,9593.06382,2023-01-22 06:59:59.999,218712814.8204195,246789.0,4806.81659,109585421.548532,0.0
279,2023-01-22 07:00:00,22784.74,22871.68,22700.01,22869.56,9487.18959,2023-01-22 07:59:59.999,216110184.7687122,281504.0,4853.63003,110570933.1101777,0.0
280,2023-01-22 08:00:00,22869.56,22930.01,22846.82,22897.79,8297.3639,2023-01-22 08:59:59.999,189964444.8151896,250248.0,4128.81559,94529634.9073859,0.0
281,2023-01-22 09:00:00,22897.79,23040.0,22866.81,22990.41,10098.35919,2023-01-22 09:59:59.999,231466351.4078803,276085.0,5136.85383,117754308.5390085,0.0
282,2023-01-22 10:00:00,22990.42,23078.71,22645.59,22794.51,21388.11528,2023-01-22 10:59:59.999,489031556.3336625,497325.0,10376.35743,237276015.8564511,0.0
283,2023-01-22 11:00:00,22794.63,22862.27,22689.72,22819.28,11885.65438,2023-01-22 11:59:59.999,270956104.4003154,317155.0,5843.49024,133224992.7123693,0.0
284,2023-01-22 12:00:00,22819.38,22959.71,22780.5,22922.34,12654.34323,2023-01-22 12:59:59.999,289657496.1069462,313709.0,6514.008,149112927.6562411,0.0
285,2023-01-22 13:00:00,22922.34,22936.84,22818.84,22838.0,7618.14644,2023-01-22 13:59:59.999,174285185.1548546,220446.0,3570.53591,81688476.4628555,0.0
286,2023-01-22 14:00:00,22838.0,22856.75,22687.13,22722.15,8947.37796,2023-01-22 14:59:59.999,203941714.4660821,240088.0,4306.66239,98173623.7501863,0.0
287,2023-01-22 15:00:00,22721.88,22736.0,22292.37,22459.46,24946.44483,2023-01-22 15:59:59.999,562053622.0128722,522583.0,12135.22046,273420602.4894026,0.0
288,2023-01-22 16:00:00,22459.46,22639.71,22317.0,22585.37,16210.74983,2023-01-22 16:59:59.999,364231321.2616103,364665.0,8124.72003,182567647.3979382,0.0
289,2023-01-22 17:00:00,22585.38,22698.0,22536.26,22676.48,6896.86211,2023-01-22 17:59:59.999,155841762.80962,182300.0,3479.80644,78635287.0237488,0.0
290,2023-01-22 18:00:00,22676.48,22773.89,22641.11,22707.88,10545.30195,2023-01-22 18:59:59.999,239497459.911956,235166.0,5256.39788,119386015.0076621,0.0
291,2023-01-22 19:00:00,22706.02,22811.15,22660.67,22745.28,11526.99258,2023-01-22 19:59:59.999,262080042.2540399,318960.0,5730.82302,130301091.1517988,0.0
292,2023-01-22 20:00:00,22744.83,22826.46,22690.3,22699.37,8632.03099,2023-01-22 20:59:59.999,196490618.5799083,248697.0,4253.67586,96831636.9023888,0.0
293,2023-01-22 21:00:00,22699.37,22757.65,22690.3,22752.05,6370.10252,2023-01-22 21:59:59.999,144798045.5273533,208908.0,3238.44746,73614243.0153923,0.0
294,2023-01-22 22:00:00,22752.71,22771.14,22646.43,22661.02,9610.87165,2023-01-22 22:59:59.999,218217148.8993817,258545.0,4624.54409,105002832.1376385,0.0
295,2023-01-22 23:00:00,22661.02,22759.49,22659.12,22758.32,7413.16663,2023-01-22 23:59:59.999,168377827.6992392,216104.0,3754.6398,85282276.5349711,0.0
296,2023-01-23 00:00:00,22758.32,22769.71,22706.25,22723.63,7182.02647,2023-01-23 00:59:59.999,163296529.2262981,209803.0,3618.08642,82265024.6412629,0.0
297,2023-01-23 01:00:00,22724.48,22794.33,22691.66,22773.33,7916.96653,2023-01-23 01:59:59.999,180098508.2066045,223382.0,3881.45399,88300378.7823227,0.0
298,2023-01-23 02:00:00,22773.92,22786.0,22600.14,22695.9,10682.10567,2023-01-23 02:59:59.999,242588960.6780689,282615.0,5073.04298,115210706.8758565,0.0
299,2023-01-23 03:00:00,22696.61,22769.53,22662.38,22719.28,8958.38632,2023-01-23 03:59:59.999,203569117.2240918,274462.0,4520.98743,102738231.1424439,0.0
300,2023-01-23 04:00:00,22719.28,22788.0,22703.26,22784.18,6806.1038,2023-01-23 04:59:59.999,154852241.6878954,218682.0,3457.00459,78657619.2389934,0.0
301,2023-01-23 05:00:00,22784.85,22957.25,22764.91,22909.95,12356.08774,2023-01-23 05:59:59.999,282722601.5176946,327743.0,6344.77344,145174138.500046,0.0
302,2023-01-23 06:00:00,22909.95,22930.0,22826.23,22904.58,10145.71683,2023-01-23 06:59:59.999,232107010.2417951,258712.0,4946.9097,113177330.1733275,0.0
303,2023-01-23 07:00:00,22904.58,22978.0,22808.9,22910.74,11855.32051,2023-01-23 07:59:59.999,271448191.6024798,313933.0,5828.54947,133460411.2990336,0.0
304,2023-01-23 08:00:00,22911.6,22939.49,22668.43,22798.41,16043.49764,2023-01-23 08:59:59.999,366340715.5733675,371001.0,7677.93466,175333943.6112304,0.0
305,2023-01-23 09:00:00,22799.89,23115.0,22500.0,22622.05,26695.67737,2023-01-23 09:59:59.999,608777386.787947,551146.0,13263.30604,302550698.2420667,0.0
306,2023-01-23 10:00:00,22627.71,22920.0,22586.68,22853.14,25773.01312,2023-01-23 10:59:59.999,587102107.6071972,534387.0,13023.06907,296668676.2093713,0.0
307,2023-01-23 11:00:00,22855.44,22935.78,22765.27,22911.17,15724.16437,2023-01-23 11:59:59.999,359689629.9191746,373104.0,7948.564,181832832.535751,0.0
308,2023-01-23 12:00:00,22911.86,23067.86,22850.15,23065.22,14053.85121,2023-01-23 12:59:59.999,322074463.7871711,342270.0,7219.21995,165467844.5309161,0.0
309,2023-01-23 13:00:00,23065.22,23180.0,22862.07,22936.2,20704.3155,2023-01-23 13:59:59.999,477826876.8441905,436284.0,10312.15762,238013813.7766577,0.0
310,2023-01-23 14:00:00,22935.95,22967.99,22654.0,22792.47,20796.10381,2023-01-23 14:59:59.999,474485723.7793262,447379.0,9996.09916,228093841.7030482,0.0
311,2023-01-23 15:00:00,22792.47,23034.9,22753.71,23022.64,12412.72474,2023-01-23 15:59:59.999,283842188.6070737,281703.0,6412.25647,146640452.0989122,0.0
312,2023-01-23 16:00:00,23020.53,23044.56,22937.54,22996.0,8430.26746,2023-01-23 16:59:59.999,193706094.9315776,195620.0,4198.134,96465521.4544605,0.0
313,2023-01-23 17:00:00,22996.82,23034.46,22852.01,22925.32,6452.02899,2023-01-23 17:59:59.999,148192775.274151,182897.0,3034.7089,69710168.3157976,0.0
314,2023-01-23 18:00:00,22925.32,22959.92,22869.12,22916.45,7046.85693,2023-01-23 18:59:59.999,161506489.5196537,182318.0,3496.32124,80133991.6099225,0.0
315,2023-01-23 19:00:00,22917.81,23009.79,22864.67,22986.44,11074.85309,2023-01-23 19:59:59.999,254201701.5452024,281015.0,5601.7886,128587832.8392001,0.0
316,2023-01-23 20:00:00,22985.52,23105.52,22930.12,23089.46,11340.91396,2023-01-23 20:59:59.999,260895305.6525512,285726.0,5745.2487,132178861.8393928,0.0
317,2023-01-23 21:00:00,23088.48,23144.76,23036.27,23036.68,11237.86878,2023-01-23 21:59:59.999,259525457.2540644,281790.0,5556.06218,128318245.4147214,0.0
318,2023-01-23 22:00:00,23036.68,23084.0,23002.31,23079.27,7778.93895,2023-01-23 22:59:59.999,179240457.0377864,214656.0,4013.12417,92471479.4142988,0.0
319,2023-01-23 23:00:00,23079.87,23121.66,23062.82,23072.15,7254.73594,2023-01-23 23:59:59.999,167486601.5849895,218926.0,3498.56881,80772129.887919,0.0
320,2023-01-24 00:00:00,23072.17,23162.2,23026.01,23118.17,10378.18623,2023-01-24 00:59:59.999,239682286.5367575,255301.0,5155.48,119064986.6636118,0.0
321,2023-01-24 01:00:00,23118.44,23155.82,23062.55,23095.63,8342.92836,2023-01-24 01:59:59.999,192886623.9682807,219221.0,4117.44061,95196928.6397865,0.0
322,2023-01-24 02:00:00,23094.85,23128.99,23006.98,23054.08,8474.34273,2023-01-24 02:59:59.999,195595177.4357394,212030.0,4146.67452,95709830.0953483,0.0
323,2023-01-24 03:00:00,23054.7,23090.25,23033.8,23053.12,7524.42334,2023-01-24 03:59:59.999,173522891.5734883,216501.0,3743.85378,86340962.5547138,0.0
324,2023-01-24 04:00:00,23052.67,23058.29,22770.0,22852.79,20640.46218,2023-01-24 04:59:59.999,472639490.9050257,456903.0,9837.56746,225271892.2926739,0.0
325,2023-01-24 05:00:00,22852.21,22942.7,22846.12,22902.51,9958.06109,2023-01-24 05:59:59.999,228084382.129686,254385.0,4901.98713,112277078.6033065,0.0
326,2023-01-24 06:00:00,22902.51,22933.32,22866.23,22917.66,7962.21202,2023-01-24 06:59:59.999,182376396.2292523,227319.0,3984.32333,91265354.2402667,0.0
327,2023-01-24 07:00:00,22917.11,23035.31,22882.09,22964.13,9509.92112,2023-01-24 07:59:59.999,218300102.6811821,269949.0,4804.27272,110281743.5137378,0.0
328,2023-01-24 08:00:00,22963.2,23016.8,22785.01,22859.93,13527.09578,2023-01-24 08:59:59.999,309801365.127128,362576.0,6489.97789,148648631.4297975,0.0
329,2023-01-24 09:00:00,22860.37,22961.18,22711.0,22859.1,23597.17727,2023-01-24 09:59:59.999,539327385.6139319,540527.0,11728.33531,268079795.5088632,0.0
330,2023-01-24 10:00:00,22859.1,22959.88,22750.01,22931.36,18056.79224,2023-01-24 10:59:59.999,412988671.6915485,436563.0,9022.54953,206365824.8683853,0.0
331,2023-01-24 11:00:00,22931.36,22949.26,22841.48,22875.18,10325.67171,2023-01-24 11:59:59.999,236460516.2738936,292557.0,4864.16824,111394681.4254812,0.0
332,2023-01-24 12:00:00,22875.18,22927.37,22785.59,22913.49,12103.89133,2023-01-24 12:59:59.999,276920877.3192784,318670.0,5968.32707,136557989.8818821,0.0
333,2023-01-24 13:00:00,22913.49,23050.0,22877.19,22999.85,12618.86498,2023-01-24 13:59:59.999,290055741.5669751,318727.0,6344.21217,145828182.862627,0.0
334,2023-01-24 14:00:00,23000.0,23079.0,22961.85,23018.53,9156.88769,2023-01-24 14:59:59.999,210668489.2125721,246787.0,4600.46608,105846854.9985957,0.0
335,2023-01-24 15:00:00,23017.73,23040.27,22879.08,23010.34,12069.37161,2023-01-24 15:59:59.999,277220170.4203598,313932.0,5923.09901,136057576.3924152,0.0
336,2023-01-24 16:00:00,23009.3,23080.45,22818.02,22902.84,12787.60829,2023-01-24 16:59:59.999,293722103.9988327,320787.0,6187.11803,142125847.2248669,0.0
337,2023-01-24 17:00:00,22902.84,22929.63,22669.42,22755.52,16704.72195,2023-01-24 17:59:59.999,380947814.4102525,399150.0,8056.4076,183749411.8027144,0.0
338,2023-01-24 18:00:00,22755.47,22786.96,22462.93,22632.89,20732.8519,2023-01-24 18:59:59.999,468882952.4050629,451586.0,9948.79062,225015219.7439738,0.0
339,2023-01-24 19:00:00,22631.94,22715.06,22498.0,22652.23,17892.84686,2023-01-24 19:59:59.999,404733152.5444327,385227.0,8837.22252,199896473.2407917,0.0
340,2023-01-24 20:00:00,22651.23,22665.58,22300.0,22490.64,20404.83877,2023-01-24 20:59:59.999,458697523.1753481,408653.0,9977.42554,224296709.7672683,0.0
341,2023-01-24 21:00:00,22491.58,22597.64,22481.31,22549.89,9228.51617,2023-01-24 21:59:59.999,208073052.0087549,214524.0,4559.2807,102798120.4646171,0.0
342,2023-01-24 22:00:00,22550.24,22650.0,22535.09,22643.61,8574.90169,2023-01-24 22:59:59.999,193845130.314602,202978.0,4345.75494,98237820.3169501,0.0
343,2023-01-24 23:00:00,22643.04,22658.64,22620.12,22624.83,6541.56707,2023-01-24 23:59:59.999,148099016.4881932,172875.0,3260.69276,73822408.9787488,0.0
344,2023-01-25 00:00:00,22625.32,22737.58,22606.04,22670.72,8150.81054,2023-01-25 00:59:59.999,184709537.6480993,207682.0,4036.54987,91476484.5026861,0.0
345,2023-01-25 01:00:00,22671.42,22739.18,22634.86,22713.76,7677.15225,2023-01-25 01:59:59.999,174200149.1695176,219186.0,3770.4296,85556646.1893312,0.0
346,2023-01-25 02:00:00,22713.59,22772.0,22694.79,22712.45,7723.70406,2023-01-25 02:59:59.999,175534388.7138354,208812.0,3782.71699,85971691.506186,0.0
347,2023-01-25 03:00:00,22711.85,22739.11,22655.67,22659.72,7981.88832,2023-01-25 03:59:59.999,181130367.1026986,215772.0,3807.14501,86395104.0729203,0.0
348,2023-01-25 04:00:00,22659.71,22709.73,22570.76,22607.26,10756.71092,2023-01-25 04:59:59.999,243581280.7789107,278833.0,5283.80946,119651322.8057341,0.0
349,2023-01-25 05:00:00,22607.26,22630.78,22475.0,22611.9,13147.50834,2023-01-25 05:59:59.999,296766528.5500445,301974.0,6472.68462,146103878.8226322,0.0
350,2023-01-25 06:00:00,22610.91,22628.42,22561.18,22598.47,7114.50494,2023-01-25 06:59:59.999,160802556.7882488,201005.0,3489.51178,78871779.17263,0.0
351,2023-01-25 07:00:00,22598.45,22745.0,22591.7,22694.23,14564.02397,2023-01-25 07:59:59.999,330440514.2804537,345209.0,7485.63533,169839905.1005435,0.0
352,2023-01-25 08:00:00,22694.22,22729.99,22565.01,22595.72,10785.18821,2023-01-25 08:59:59.999,244327248.4026228,293950.0,5339.44998,120970000.7787012,0.0
353,2023-01-25 09:00:00,22595.08,22625.73,22415.35,22435.47,21076.44743,2023-01-25 09:59:59.999,474945422.812004,449592.0,10231.12743,230572817.3852562,0.0
354,2023-01-25 10:00:00,22435.47,22606.35,22335.0,22577.86,24088.09308,2023-01-25 10:59:59.999,542042888.2140808,474915.0,12180.38131,274105583.3124351,0.0
355,2023-01-25 11:00:00,22578.79,22690.44,22516.98,22629.75,15332.31405,2023-01-25 11:59:59.999,346707242.8648837,358389.0,7655.48954,173119269.2538665,0.0
356,2023-01-25 12:00:00,22629.75,22653.93,22510.0,22568.94,11718.39873,2023-01-25 12:59:59.999,264570824.964338,276746.0,5716.30469,129064013.686858,0.0
357,2023-01-25 13:00:00,22569.11,22726.43,22555.44,22724.9,11231.1755,2023-01-25 13:59:59.999,254285135.9926365,268725.0,5620.94065,127271630.5623825,0.0
358,2023-01-25 14:00:00,22724.9,22765.3,22651.75,22748.86,12624.58451,2023-01-25 14:59:59.999,286718946.6459643,291351.0,6452.81399,146561920.2549394,0.0
359,2023-01-25 15:00:00,22749.97,22950.91,22749.93,22938.09,20417.82756,2023-01-25 15:59:59.999,467184639.7346304,437621.0,10507.96379,240438244.838106,0.0
360,2023-01-25 16:00:00,22935.92,23700.0,22832.38,23592.55,31154.76165,2023-01-25 16:59:59.999,721664162.996674,681700.0,16375.62767,379387509.7031109,0.0
361,2023-01-25 17:00:00,23592.56,23816.73,22816.66,22932.2,28641.81816,2023-01-25 17:59:59.999,669319206.7293296,699595.0,13889.43591,324658076.3436838,0.0
362,2023-01-25 18:00:00,22933.23,23212.0,22886.4,23060.94,19213.24945,2023-01-25 18:59:59.999,443211442.1955337,465132.0,9569.50707,220754362.9047384,0.0
363,2023-01-25 19:00:00,23060.42,23282.47,23041.14,23240.42,16188.12884,2023-01-25 19:59:59.999,374613356.8791475,379185.0,8212.76991,190057462.972543,0.0
364,2023-01-25 20:00:00,23240.42,23247.0,23133.49,23163.24,12552.9194,2023-01-25 20:59:59.999,291187187.3167409,297866.0,6044.011,140205739.2127362,0.0
365,2023-01-25 21:00:00,23163.24,23265.0,23137.79,23178.98,10376.8072,2023-01-25 21:59:59.999,240719226.0583996,257497.0,5147.79491,119421519.9310316,0.0
366,2023-01-25 22:00:00,23178.98,23231.89,23104.67,23136.16,10049.36738,2023-01-25 22:59:59.999,232831226.6201072,247067.0,4977.77434,115332469.7789119,0.0
367,2023-01-25 23:00:00,23136.16,23197.8,23105.35,23179.35,9398.71102,2023-01-25 23:59:59.999,217601703.1559271,229062.0,4818.70141,111566061.5720077,0.0
368,2023-01-26 00:00:00,23178.7,23192.47,23130.55,23147.48,8116.17411,2023-01-26 00:59:59.999,187984077.1104048,204456.0,4033.20781,93417147.2547086,0.0
369,2023-01-26 01:00:00,23148.26,23164.11,22897.17,23087.87,17426.84588,2023-01-26 01:59:59.999,401657783.3031893,370318.0,8473.86624,195319504.0260886,0.0
370,2023-01-26 02:00:00,23088.63,23096.78,22951.27,22966.73,10343.21037,2023-01-26 02:59:59.999,238069641.8121613,253119.0,4998.93139,115064409.5094907,0.0
371,2023-01-26 03:00:00,22965.81,23048.49,22923.56,23003.87,9445.4274,2023-01-26 03:59:59.999,217249068.4593699,247059.0,4727.70212,108746881.1745088,0.0
372,2023-01-26 04:00:00,23003.11,23036.69,22900.0,22970.7,9896.50864,2023-01-26 04:59:59.999,227401169.1641852,251335.0,4821.03381,110785265.5769238,0.0
373,2023-01-26 05:00:00,22970.7,22995.72,22850.01,22939.26,11848.43077,2023-01-26 05:59:59.999,271741368.720909,287288.0,5694.33999,130602249.7070362,0.0
374,2023-01-26 06:00:00,22939.26,22993.9,22895.48,22992.94,8135.87839,2023-01-26 06:59:59.999,186742491.459888,219072.0,4172.01752,95763300.4894989,0.0
375,2023-01-26 07:00:00,22992.09,23147.98,22962.2,23120.96,12845.25586,2023-01-26 07:59:59.999,296206443.4576954,316762.0,6555.44817,151172702.0552723,0.0
376,2023-01-26 08:00:00,23120.96,23154.21,22880.95,23128.35,20626.57133,2023-01-26 08:59:59.999,475660473.685795,461378.0,10049.77025,231764390.3466769,0.0
377,2023-01-26 09:00:00,23127.49,23250.0,22922.0,23039.35,25786.18933,2023-01-26 09:59:59.999,595974619.3078923,532285.0,13062.63294,301931516.443017,0.0
378,2023-01-26 10:00:00,23037.23,23179.38,22901.0,22958.02,21930.21844,2023-01-26 10:59:59.999,505777246.0905407,486007.0,10644.9693,245520873.185381,0.0
379,2023-01-26 11:00:00,22955.16,23032.16,22853.81,23003.98,16062.04634,2023-01-26 11:59:59.999,368944863.782509,430840.0,7922.32143,181989468.817736,0.0
380,2023-01-26 12:00:00,23003.33,23062.77,22958.5,22982.85,9892.04898,2023-01-26 12:59:59.999,227664333.3663282,276079.0,4787.55398,110190152.0324806,0.0
381,2023-01-26 13:00:00,22983.25,23106.51,22959.0,23037.16,10194.8719,2023-01-26 13:59:59.999,234897554.9894583,290217.0,5119.19064,117956218.0905761,0.0
382,2023-01-26 14:00:00,23038.01,23091.7,22980.87,23070.0,7455.18397,2023-01-26 14:59:59.999,171791389.2648866,236770.0,3737.54772,86129174.440441,0.0
383,2023-01-26 15:00:00,23068.57,23195.0,23037.0,23112.57,9669.55094,2023-01-26 15:59:59.999,223350752.3024956,285499.0,4968.52697,114772830.6526873,0.0
384,2023-01-26 16:00:00,23110.98,23121.32,22963.07,23081.77,8416.36973,2023-01-26 16:59:59.999,193954157.7817928,241639.0,4113.63985,94806212.9094397,0.0
385,2023-01-26 17:00:00,23081.78,23150.0,22989.36,23003.79,6241.33424,2023-01-26 17:59:59.999,143937212.2595268,192213.0,3104.24663,71598040.0258788,0.0
386,2023-01-26 18:00:00,23004.81,23036.3,22967.3,23009.65,6026.38535,2023-01-26 18:59:59.999,138635121.9885777,188073.0,2997.08508,68950680.846102,0.0
387,2023-01-26 19:00:00,23009.65,23076.62,22897.02,22925.5,10025.55781,2023-01-26 19:59:59.999,230407973.0760915,272053.0,4914.99308,112966401.7158476,0.0
388,2023-01-26 20:00:00,22925.08,22968.73,22534.88,22647.48,18777.70517,2023-01-26 20:59:59.999,427080680.2811535,410503.0,9062.44124,206115741.7636396,0.0
389,2023-01-26 21:00:00,22647.44,22815.4,22602.85,22781.67,10444.72509,2023-01-26 21:59:59.999,237533163.3150577,254933.0,5331.56933,121247584.365311,0.0
390,2023-01-26 22:00:00,22781.67,22843.29,22761.49,22772.62,6934.89115,2023-01-26 22:59:59.999,158190149.3264783,172931.0,3356.14089,76557833.6667433,0.0
391,2023-01-26 23:00:00,22772.2,22858.22,22760.64,22802.81,6170.87432,2023-01-26 23:59:59.999,140781648.3110011,159147.0,3103.26204,70797979.0317109,0.0
392,2023-01-27 00:00:00,22802.3,23100.0,22796.95,23034.92,12715.19394,2023-01-27 00:59:59.999,291450371.2175096,272009.0,6579.65965,150818100.7414053,0.0
393,2023-01-27 01:00:00,23034.92,23054.96,22970.0,23002.92,9903.44269,2023-01-27 01:59:59.999,227851498.1393035,237835.0,4930.83673,113450117.6576437,0.0
394,2023-01-27 02:00:00,23002.48,23081.83,22934.35,23072.77,9935.35465,2023-01-27 02:59:59.999,228618507.4245197,241031.0,4993.76316,114910724.2207277,0.0
395,2023-01-27 03:00:00,23072.29,23083.87,22925.1,22964.51,10846.11417,2023-01-27 03:59:59.999,249400266.5414235,281981.0,5212.30707,119855913.9570394,0.0
396,2023-01-27 04:00:00,22964.51,22985.88,22905.0,22947.87,7625.15012,2023-01-27 04:59:59.999,174991391.774195,197794.0,3448.19424,79139064.6282891,0.0
397,2023-01-27 05:00:00,22947.87,22989.99,22903.03,22948.04,7133.72336,2023-01-27 05:59:59.999,163720976.996834,187090.0,3599.83195,82619420.0203395,0.0
398,2023-01-27 06:00:00,22948.98,22973.75,22915.12,22967.47,7947.13148,2023-01-27 06:59:59.999,182351341.1384845,204360.0,4102.46608,94137656.3571547,0.0
399,2023-01-27 07:00:00,22967.48,22988.49,22857.14,22932.41,10322.05561,2023-01-27 07:59:59.999,236832542.942794,269891.0,5062.98566,116173149.1581617,0.0
400,2023-01-27 08:00:00,22932.43,23022.0,22851.08,22899.82,15909.04637,2023-01-27 08:59:59.999,364867512.3818467,410070.0,7890.62362,180979846.9895956,0.0
401,2023-01-27 09:00:00,22900.53,23052.69,22841.19,22967.66,14987.28938,2023-01-27 09:59:59.999,343669976.3274493,403656.0,7482.92743,171602558.7755765,0.0
402,2023-01-27 10:00:00,22967.66,23148.0,22928.2,22933.96,21594.88386,2023-01-27 10:59:59.999,497606480.1801156,509930.0,10538.5975,242854757.7025709,0.0
403,2023-01-27 11:00:00,22932.2,23144.0,22924.01,23129.72,13594.43178,2023-01-27 11:59:59.999,313600008.6694225,355895.0,7096.84158,163712558.0981539,0.0
404,2023-01-27 12:00:00,23130.75,23244.99,23077.8,23204.74,15992.92842,2023-01-27 12:59:59.999,370328226.5113052,387847.0,8138.7558,188468175.5615262,0.0
405,2023-01-27 13:00:00,23204.74,23252.63,23131.3,23183.91,10710.31106,2023-01-27 13:59:59.999,248202302.38207,299821.0,5292.747,122661250.9848594,0.0
406,2023-01-27 14:00:00,23183.91,23284.32,23158.23,23253.06,8717.0557,2023-01-27 14:59:59.999,202290254.107007,242222.0,4666.74274,108309270.6045368,0.0
407,2023-01-27 15:00:00,23253.06,23500.0,23016.79,23108.82,27561.53877,2023-01-27 15:59:59.999,641434057.8950591,613721.0,13714.70145,319227955.9314655,0.0
408,2023-01-27 16:00:00,23108.82,23196.24,23050.0,23080.88,9672.02966,2023-01-27 16:59:59.999,223745565.619682,284772.0,4588.07305,106142309.3561077,0.0
409,2023-01-27 17:00:00,23080.88,23100.09,22951.33,23008.22,7874.81798,2023-01-27 17:59:59.999,181384552.4938447,240062.0,3789.08625,87279123.2439813,0.0
410,2023-01-27 18:00:00,23007.4,23083.08,23005.09,23074.16,5437.61061,2023-01-27 18:59:59.999,125368308.0012671,169542.0,2801.72884,64596276.3126529,0.0
411,2023-01-27 19:00:00,23074.16,23189.0,23042.54,23151.84,8247.18867,2023-01-27 19:59:59.999,190599365.5253184,249140.0,4094.82961,94643372.86944,0.0
412,2023-01-27 20:00:00,23151.27,23172.3,23072.7,23090.53,6212.30453,2023-01-27 20:59:59.999,143612146.8117048,199186.0,3033.07066,70117660.3316727,0.0
413,2023-01-27 21:00:00,23091.12,23127.49,23067.8,23086.84,5273.90619,2023-01-27 21:59:59.999,121807314.8048387,157611.0,2578.34777,59551089.2423382,0.0
414,2023-01-27 22:00:00,23086.84,23147.33,23080.2,23117.44,4581.76081,2023-01-27 22:59:59.999,105863536.5365242,140318.0,2397.41142,55395833.0839412,0.0
415,2023-01-27 23:00:00,23117.44,23133.4,23079.09,23092.24,5188.32631,2023-01-27 23:59:59.999,119881266.827202,155715.0,2499.76031,57761155.7410265,0.0
416,2023-01-28 00:00:00,23092.24,23110.0,23021.74,23066.38,7041.63263,2023-01-28 00:59:59.999,162393435.0435293,185729.0,3851.39658,88819562.9130205,0.0
417,2023-01-28 01:00:00,23066.94,23081.0,23010.0,23038.21,5857.53326,2023-01-28 01:59:59.999,134965634.6835965,175981.0,2868.96961,66106132.1092282,0.0
418,2023-01-28 02:00:00,23038.68,23043.49,22951.01,22991.51,6640.7863,2023-01-28 02:59:59.999,152688154.5376557,195488.0,3205.62869,73705898.5913324,0.0
419,2023-01-28 03:00:00,22991.86,23016.79,22953.04,22978.64,6319.79371,2023-01-28 03:59:59.999,145264941.8959467,186098.0,3138.61307,72146043.8945645,0.0
420,2023-01-28 04:00:00,22978.87,23017.27,22905.0,22998.6,7184.53854,2023-01-28 04:59:59.999,165121493.725011,202160.0,3600.9937,82765952.1233813,0.0
421,2023-01-28 05:00:00,22998.24,23012.57,22947.0,22974.47,6401.44743,2023-01-28 05:59:59.999,147163167.793531,182432.0,3118.96774,71705275.9629535,0.0
422,2023-01-28 06:00:00,22974.03,22999.99,22937.01,22981.51,5769.60189,2023-01-28 06:59:59.999,132546851.2820961,161348.0,2883.89967,66254672.238558,0.0
423,2023-01-28 07:00:00,22981.51,22983.12,22917.39,22955.25,7474.12723,2023-01-28 07:59:59.999,171545236.7054028,207875.0,3613.66835,82941879.0546203,0.0
424,2023-01-28 08:00:00,22954.76,22974.83,22878.46,22970.1,10905.72719,2023-01-28 08:59:59.999,250063272.5893236,284166.0,5398.33119,123789810.0099826,0.0
425,2023-01-28 09:00:00,22970.8,22982.95,22947.0,22949.43,5612.89083,2023-01-28 09:59:59.999,128900738.0234867,148940.0,2765.00556,63502058.2716587,0.0
426,2023-01-28 10:00:00,22949.44,23044.12,22933.58,23012.54,9458.575,2023-01-28 10:59:59.999,217616770.1007267,238084.0,4866.89238,111976083.0005136,0.0
427,2023-01-28 11:00:00,23012.02,23052.82,23005.79,23018.14,6212.50882,2023-01-28 11:59:59.999,143050083.623548,168806.0,3118.72886,71814961.5372199,0.0
428,2023-01-28 12:00:00,23018.14,23029.93,22975.0,23018.96,5599.18936,2023-01-28 12:59:59.999,128811026.4539808,156890.0,2825.41747,65002878.3421747,0.0
429,2023-01-28 13:00:00,23018.96,23029.92,22977.1,22998.31,4317.5576,2023-01-28 13:59:59.999,99312222.6047107,126380.0,2076.04096,47753798.0430265,0.0
430,2023-01-28 14:00:00,22998.31,23043.12,22990.0,23039.35,4301.84464,2023-01-28 14:59:59.999,99060654.2582953,119565.0,2277.07056,52434622.7550973,0.0
431,2023-01-28 15:00:00,23039.35,23042.91,22953.07,22966.91,5653.9302,2023-01-28 15:59:59.999,130039106.3182773,152493.0,2621.3305,60291091.5129474,0.0
432,2023-01-28 16:00:00,22966.89,23010.0,22942.0,23001.41,5517.2576,2023-01-28 16:59:59.999,126833918.3855371,146816.0,2796.62996,64291102.6180116,0.0
433,2023-01-28 17:00:00,23001.41,23016.5,22973.35,22977.63,3934.01442,2023-01-28 17:59:59.999,90461774.5252965,110388.0,1998.66913,45960638.8094314,0.0
434,2023-01-28 18:00:00,22978.2,23031.9,22961.34,23022.6,4409.26769,2023-01-28 18:59:59.999,101383298.2610462,130207.0,2232.16191,51325930.6933979,0.0
435,2023-01-28 19:00:00,23021.4,23145.38,22967.76,23112.95,9049.12052,2023-01-28 19:59:59.999,208738762.2402126,240249.0,4715.95519,108782131.2879176,0.0
436,2023-01-28 20:00:00,23112.95,23492.0,23112.14,23232.32,24472.03253,2023-01-28 20:59:59.999,570452684.8659623,525543.0,12923.44437,301257416.1512643,0.0
437,2023-01-28 21:00:00,23231.22,23279.41,23051.43,23143.08,12690.97942,2023-01-28 21:59:59.999,293778353.8123423,318977.0,6244.19677,144545276.2463315,0.0
438,2023-01-28 22:00:00,23143.64,23198.63,23104.35,23193.43,6368.66296,2023-01-28 22:59:59.999,147438803.6967667,165806.0,3259.05694,75449890.7302263,0.0
439,2023-01-28 23:00:00,23194.27,23241.28,23144.99,23228.89,7249.46347,2023-01-28 23:59:59.999,168159027.69427,171794.0,3529.13821,81863853.3500441,0.0
440,2023-01-29 00:00:00,23228.89,23255.0,23190.08,23249.5,6306.20767,2023-01-29 00:59:59.999,146418854.9025988,145131.0,3133.64162,72759264.9375338,0.0
441,2023-01-29 01:00:00,23249.5,23268.51,23183.17,23198.58,6038.90792,2023-01-29 01:59:59.999,140231640.9862452,150836.0,2941.1979,68300343.0846528,0.0
442,2023-01-29 02:00:00,23199.3,23220.76,23174.47,23203.86,5393.54974,2023-01-29 02:59:59.999,125108156.1185899,137030.0,2746.73405,63713965.1419533,0.0
443,2023-01-29 03:00:00,23203.39,23224.55,23153.64,23172.28,5894.58708,2023-01-29 03:59:59.999,136680066.0900214,152940.0,2924.39807,67808203.9282588,0.0
444,2023-01-29 04:00:00,23172.28,23373.89,23156.89,23296.8,13621.67683,2023-01-29 04:59:59.999,317041264.2064783,289642.0,6990.74328,162712233.434843,0.0
445,2023-01-29 05:00:00,23296.8,23500.0,23295.06,23448.03,17517.02878,2023-01-29 05:59:59.999,410149660.5253379,381553.0,8986.26517,210415169.3581944,0.0
446,2023-01-29 06:00:00,23447.1,23605.74,23270.03,23432.17,18706.39808,2023-01-29 06:59:59.999,437701611.0994399,390670.0,9539.1326,223247651.8004301,0.0
447,2023-01-29 07:00:00,23431.39,23543.56,23350.47,23478.21,13612.57807,2023-01-29 07:59:59.999,319106460.9712083,299545.0,6827.63327,160059421.225178,0.0
448,2023-01-29 08:00:00,23478.21,23666.0,23457.93,23538.94,18909.58007,2023-01-29 08:59:59.999,445570420.2682839,408973.0,9555.74345,225163933.0487792,0.0
449,2023-01-29 09:00:00,23538.04,23596.88,23412.1,23538.58,13731.01051,2023-01-29 09:59:59.999,322810230.9884894,313180.0,6963.98276,163720030.2535512,0.0
450,2023-01-29 10:00:00,23538.04,23549.62,23470.15,23525.09,8470.38029,2023-01-29 10:59:59.999,199189305.0919479,216003.0,4122.06097,96936651.9618537,0.0
451,2023-01-29 11:00:00,23525.09,23650.0,23472.0,23586.44,15494.72714,2023-01-29 11:59:59.999,364830477.1232135,346103.0,7824.3158,184244761.7401884,0.0
452,2023-01-29 12:00:00,23586.44,23641.8,23546.83,23591.38,11721.97262,2023-01-29 12:59:59.999,276627863.1292911,302976.0,5715.19829,134878717.5409495,0.0
453,2023-01-29 13:00:00,23591.38,23759.0,23536.65,23678.99,15785.80867,2023-01-29 13:59:59.999,373322038.2847172,392990.0,8052.065,190434153.3695288,0.0
454,2023-01-29 14:00:00,23677.95,23960.54,23661.0,23897.84,23293.93373,2023-01-29 14:59:59.999,555179086.3886753,542034.0,12119.25633,288834918.8825114,0.0
455,2023-01-29 15:00:00,23896.65,23910.6,23600.0,23698.65,15648.221,2023-01-29 15:59:59.999,372055962.5728163,386587.0,7554.00142,179614648.6919978,0.0
456,2023-01-29 16:00:00,23698.65,23828.76,23656.33,23794.2,9301.06405,2023-01-29 16:59:59.999,220898038.3647153,270366.0,4653.9009,110528910.7669313,0.0
457,2023-01-29 17:00:00,23795.24,23821.21,23720.08,23765.93,5744.20146,2023-01-29 17:59:59.999,136587231.6739438,183544.0,2834.93878,67413543.2462067,0.0
458,2023-01-29 18:00:00,23765.93,23877.8,23727.17,23742.3,10666.69943,2023-01-29 18:59:59.999,253846953.0408391,298365.0,5350.50496,127341582.6203914,0.0
459,2023-01-29 19:00:00,23743.37,23800.51,23683.96,23751.43,10261.83669,2023-01-29 19:59:59.999,243632664.2516237,296504.0,5065.54398,120267502.8811686,0.0
460,2023-01-29 20:00:00,23751.02,23765.9,23625.83,23670.08,10375.90064,2023-01-29 20:59:59.999,245655933.0018197,291186.0,4987.47283,118082651.0428719,0.0
461,2023-01-29 21:00:00,23670.08,23673.49,23567.1,23645.76,9335.74532,2023-01-29 21:59:59.999,220536945.4678997,262636.0,4572.79088,108025306.6715761,0.0
462,2023-01-29 22:00:00,23645.76,23703.61,23621.74,23701.44,6930.90378,2023-01-29 22:59:59.999,163999583.5455561,210343.0,3528.06988,83482071.3715294,0.0
463,2023-01-29 23:00:00,23700.78,23769.32,23694.31,23717.76,7489.99072,2023-01-29 23:59:59.999,177746530.2378849,211849.0,3715.0949,88163875.7945599,0.0
464,2023-01-30 00:00:00,23717.76,23733.86,23663.0,23728.71,6783.55715,2023-01-30 00:59:59.999,160758339.465273,184410.0,3471.4767,82271469.5747289,0.0
465,2023-01-30 01:00:00,23728.71,23744.6,23658.0,23692.38,7732.32161,2023-01-30 01:59:59.999,183317904.1665393,209640.0,3803.44815,90177411.0734764,0.0
466,2023-01-30 02:00:00,23691.84,23706.36,23599.15,23642.81,9339.96326,2023-01-30 02:59:59.999,220890635.0579661,237356.0,4541.43004,107409023.5747438,0.0
467,2023-01-30 03:00:00,23642.81,23676.98,23507.0,23548.76,12879.05024,2023-01-30 03:59:59.999,303854438.8586676,311166.0,6005.05209,141678695.3720322,0.0
468,2023-01-30 04:00:00,23547.79,23552.65,23110.0,23191.2,30359.75905,2023-01-30 04:59:59.999,707468273.2882082,647431.0,15036.55566,350397441.5026588,0.0
469,2023-01-30 05:00:00,23191.2,23305.73,23101.62,23243.54,13937.89938,2023-01-30 05:59:59.999,323858106.2205936,365731.0,6831.88011,158751792.8730487,0.0
470,2023-01-30 06:00:00,23244.5,23275.55,23017.0,23077.47,15366.9206,2023-01-30 06:59:59.999,356002449.4355183,361320.0,7307.07108,169305325.0609459,0.0
471,2023-01-30 07:00:00,23077.47,23153.06,22962.68,23076.27,16984.69992,2023-01-30 07:59:59.999,391823442.0906798,414747.0,8485.26032,195765967.6295018,0.0
472,2023-01-30 08:00:00,23076.27,23132.74,23045.0,23057.19,9516.28569,2023-01-30 08:59:59.999,219738751.6777594,283725.0,4608.24466,106413303.1532823,0.0
473,2023-01-30 09:00:00,23057.72,23289.86,23027.3,23287.7,16950.55929,2023-01-30 09:59:59.999,392885084.5253911,427334.0,8779.42846,203498993.4764538,0.0
474,2023-01-30 10:00:00,23288.97,23301.82,23048.79,23178.51,14938.10158,2023-01-30 10:59:59.999,346302412.4715431,394267.0,7513.82576,174193883.8234969,0.0
475,2023-01-30 11:00:00,23178.51,23248.86,23110.38,23170.38,12520.73968,2023-01-30 11:59:59.999,290214048.6642059,337716.0,6224.18668,144274248.2820566,0.0
476,2023-01-30 12:00:00,23170.38,23237.86,23088.06,23108.94,11644.19512,2023-01-30 12:59:59.999,269774834.7706522,319256.0,5762.23486,133508741.7231057,0.0
477,2023-01-30 13:00:00,23109.92,23180.0,23067.34,23138.83,9788.90857,2023-01-30 13:59:59.999,226319499.7135183,285837.0,4842.32949,111958427.9967891,0.0
478,2023-01-30 14:00:00,23139.06,23141.82,22627.9,22784.86,24844.3908,2023-01-30 14:59:59.999,566326615.5419348,558908.0,11977.53618,272971933.1444024,0.0
479,2023-01-30 15:00:00,22784.86,22810.0,22558.88,22697.83,16318.16625,2023-01-30 15:59:59.999,370475095.708508,390058.0,7953.37435,180580929.6402002,0.0
480,2023-01-30 16:00:00,22697.83,22794.8,22674.05,22743.7,9403.45069,2023-01-30 16:59:59.999,213938000.6072466,261764.0,4746.63887,107992410.7602484,0.0
481,2023-01-30 17:00:00,22744.64,22768.02,22500.0,22729.81,9085.44002,2023-01-30 17:59:59.999,206152875.4300384,264167.0,4482.58132,101728324.543736,0.0
482,2023-01-30 18:00:00,22731.1,22840.69,22703.61,22826.15,9617.11516,2023-01-30 18:59:59.999,219054774.8606247,262873.0,4855.00341,110593176.205992,0.0
483,2023-01-30 19:00:00,22827.38,22877.45,22714.77,22828.32,11523.71022,2023-01-30 19:59:59.999,262775754.776572,286995.0,5789.2445,132015504.6845181,0.0
484,2023-01-30 20:00:00,22828.32,22862.0,22755.23,22830.23,8866.9626,2023-01-30 20:59:59.999,202343361.7682508,237011.0,4397.24262,100353089.2865683,0.0
485,2023-01-30 21:00:00,22830.23,22913.71,22817.3,22857.93,8902.28528,2023-01-30 21:59:59.999,203612250.3854354,234872.0,4340.34119,99272634.0052243,0.0
486,2023-01-30 22:00:00,22857.93,22869.94,22814.81,22835.01,5838.55706,2023-01-30 22:59:59.999,133387766.6514695,169809.0,2797.87758,63922267.3611778,0.0
487,2023-01-30 23:00:00,22835.46,22865.58,22800.33,22861.59,6810.39671,2023-01-30 23:59:59.999,155526965.9831598,175989.0,3532.84337,80682390.7141396,0.0
488,2023-01-31 00:00:00,22862.32,22873.01,22754.23,22759.14,7408.77393,2023-01-31 00:59:59.999,169176846.8097706,192227.0,3453.57706,78868406.1079249,0.0
489,2023-01-31 01:00:00,22759.14,22867.77,22743.05,22812.12,9607.79061,2023-01-31 01:59:59.999,219078144.363975,240846.0,4963.55976,113180522.1085383,0.0
490,2023-01-31 02:00:00,22812.12,22989.48,22809.67,22978.24,11639.20648,2023-01-31 02:59:59.999,266655676.9782178,282070.0,5959.79714,136543015.2071004,0.0
491,2023-01-31 03:00:00,22978.24,22996.84,22835.01,22912.62,11420.32067,2023-01-31 03:59:59.999,261788174.8026106,310538.0,5635.09733,129175689.4755434,0.0
492,2023-01-31 04:00:00,22912.6,22942.13,22882.89,22891.34,6771.09473,2023-01-31 04:59:59.999,155117725.5382102,187713.0,3375.31861,77327283.0458862,0.0
493,2023-01-31 05:00:00,22892.45,22913.0,22815.0,22828.87,8807.57025,2023-01-31 05:59:59.999,201429106.1760061,244350.0,4235.5543,96869066.7297285,0.0
494,2023-01-31 06:00:00,22828.15,22881.44,22810.03,22865.43,8128.05264,2023-01-31 06:59:59.999,185723370.4104812,234344.0,4152.60149,94887625.1958373,0.0
495,2023-01-31 07:00:00,22865.97,22923.99,22851.01,22895.15,8860.36003,2023-01-31 07:59:59.999,202790993.7854733,254990.0,4516.08449,103365247.4770432,0.0
496,2023-01-31 08:00:00,22895.82,23127.5,22884.86,23127.11,19784.4525,2023-01-31 08:59:59.999,455095835.6176809,459432.0,10062.51947,231479239.1814318,0.0
497,2023-01-31 09:00:00,23126.94,23197.38,23056.0,23119.64,20608.66415,2023-01-31 09:59:59.999,476489612.0519703,477255.0,10132.44118,234281801.3909929,0.0
498,2023-01-31 10:00:00,23118.76,23206.84,23075.01,23121.8,15664.6257,2023-01-31 10:59:59.999,362421450.0404083,367054.0,8210.8788,189980852.3528141,0.0
499,2023-01-31 11:00:00,23121.8,23221.14,23102.18,23172.02,9777.3476,2023-01-31 11:59:59.999,226262140.2339757,241433.0,5040.2032,116646473.9496429,0.0
