,OpenTime,ETH-USD_Open,ETH-USD_High,ETH-USD_Low,ETH-USD_Close,ETH-USD_volume,CloseTime,ETH-QuoteAssetVolume,ETH-NumberOfTrades,ETH-TBBAV,ETH-TBQAV,ETH-ignore
0,2023-01-10 16:00:00,1341.97,1343.21,1338.76,1339.01,14307.3162,2023-01-10 16:59:59.999,19181348.763488,22037.0,6124.8915,8211221.885114,0.0
1,2023-01-10 17:00:00,1339.0,1339.45,1334.45,1334.46,11972.083,2023-01-10 17:59:59.999,16013466.163446,15000.0,5275.1769,7056735.068129,0.0
2,2023-01-10 18:00:00,1334.45,1338.17,1333.8,1335.62,15877.9167,2023-01-10 18:59:59.999,21207560.676426,14931.0,7851.1265,10486407.014158,0.0
3,2023-01-10 19:00:00,1335.63,1340.39,1334.3,1337.75,12866.9554,2023-01-10 19:59:59.999,17199322.805299,16923.0,7485.0197,10006709.922769,0.0
4,2023-01-10 20:00:00,1337.75,1341.5,1335.0,1337.92,12027.7192,2023-01-10 20:59:59.999,16088175.149622,14102.0,5680.3588,7598183.215198,0.0
5,2023-01-10 21:00:00,1337.92,1338.45,1330.14,1330.2,16051.7099,2023-01-10 21:59:59.999,21406404.212611,16836.0,6990.8897,9323375.783411,0.0
6,2023-01-10 22:00:00,1330.21,1332.09,1327.29,1331.07,19393.3591,2023-01-10 22:59:59.999,25797577.473874,17863.0,8419.8922,11200746.056581,0.0
7,2023-01-10 23:00:00,1331.07,1332.41,1329.0,1330.56,9040.1825,2023-01-10 23:59:59.999,12029883.221494,13541.0,3484.7382,4637636.662101,0.0
8,2023-01-11 00:00:00,1330.56,1334.17,1329.92,1330.87,6772.5078,2023-01-11 00:59:59.999,9024477.3466,12078.0,3599.2178,4796042.837141,0.0
9,2023-01-11 01:00:00,1330.87,1333.88,1327.19,1333.51,16196.4637,2023-01-11 01:59:59.999,21567374.262512,20251.0,8020.7431,10680913.866256,0.0
10,2023-01-11 02:00:00,1333.51,1335.7,1332.73,1335.52,9480.8077,2023-01-11 02:59:59.999,12652326.758817,13565.0,5382.888,7183811.0451,0.0
11,2023-01-11 03:00:00,1335.53,1335.77,1331.39,1334.67,12381.6658,2023-01-11 03:59:59.999,16507608.327891,20083.0,5594.1477,7457593.094314,0.0
12,2023-01-11 04:00:00,1334.67,1337.69,1334.41,1335.13,7281.7099,2023-01-11 04:59:59.999,9725332.355228,12446.0,4488.2392,5994384.00324,0.0
13,2023-01-11 05:00:00,1335.12,1338.2,1334.38,1336.13,7356.814,2023-01-11 05:59:59.999,9829275.380176,12690.0,4197.2974,5608008.211294,0.0
14,2023-01-11 06:00:00,1336.13,1338.06,1334.0,1336.45,14232.1779,2023-01-11 06:59:59.999,19016602.334716,15136.0,6926.5783,9253386.078333,0.0
15,2023-01-11 07:00:00,1336.44,1336.45,1332.0,1332.47,9052.0538,2023-01-11 07:59:59.999,12072944.888119,15282.0,3705.2381,4941166.361925,0.0
16,2023-01-11 08:00:00,1332.48,1335.72,1329.78,1333.26,8561.6252,2023-01-11 08:59:59.999,11407335.843598,15629.0,4247.656,5659939.297845,0.0
17,2023-01-11 09:00:00,1333.27,1334.65,1328.66,1332.51,14291.4935,2023-01-11 09:59:59.999,19032714.254341,23694.0,7390.5479,9841527.521542,0.0
18,2023-01-11 10:00:00,1332.51,1334.98,1321.04,1323.04,27697.1144,2023-01-11 10:59:59.999,36724413.700002,27993.0,12447.9762,16504422.205769,0.0
19,2023-01-11 11:00:00,1323.05,1327.34,1321.86,1325.01,14253.3807,2023-01-11 11:59:59.999,18890427.244164,19027.0,7973.1878,10566829.61903,0.0
20,2023-01-11 12:00:00,1325.0,1329.19,1324.43,1327.57,7434.5155,2023-01-11 12:59:59.999,9868916.063398,13809.0,3071.458,4076926.52767,0.0
21,2023-01-11 13:00:00,1327.57,1345.0,1327.52,1337.72,38723.7337,2023-01-11 13:59:59.999,51839332.328566,35669.0,19417.4484,25988735.546264,0.0
22,2023-01-11 14:00:00,1337.72,1344.56,1335.14,1342.92,22737.1782,2023-01-11 14:59:59.999,30503763.105658,25735.0,11607.2148,15573141.206367,0.0
23,2023-01-11 15:00:00,1342.91,1345.0,1340.44,1341.56,23701.0094,2023-01-11 15:59:59.999,31811103.255551,21595.0,12123.4583,16273670.143536,0.0
24,2023-01-11 16:00:00,1341.56,1344.74,1339.43,1342.63,21599.5192,2023-01-11 16:59:59.999,28985645.307921,17094.0,10920.0498,14653566.074875,0.0
25,2023-01-11 17:00:00,1342.63,1360.0,1340.39,1349.32,58171.764,2023-01-11 17:59:59.999,78482716.507381,49749.0,28705.7353,38720646.614319,0.0
26,2023-01-11 18:00:00,1349.33,1398.0,1349.32,1389.39,83160.4951,2023-01-11 18:59:59.999,114655274.301982,83955.0,43714.243,60210530.206461,0.0
27,2023-01-11 19:00:00,1389.4,1418.77,1386.0,1415.23,77872.9296,2023-01-11 19:59:59.999,108792040.672437,66038.0,41173.2008,57528453.726233,0.0
28,2023-01-11 20:00:00,1415.22,1416.39,1397.09,1401.46,64540.1168,2023-01-11 20:59:59.999,90652699.564115,50418.0,29909.8062,42014048.250756,0.0
29,2023-01-11 21:00:00,1401.46,1408.5,1396.93,1399.59,35465.9517,2023-01-11 21:59:59.999,49756297.866918,29374.0,16661.5274,23376151.410296,0.0
30,2023-01-11 22:00:00,1399.59,1403.41,1398.86,1400.99,19971.4457,2023-01-11 22:59:59.999,27994602.503579,19272.0,9186.1845,12875571.097316,0.0
31,2023-01-11 23:00:00,1400.99,1404.84,1400.48,1403.48,12812.5503,2023-01-11 23:59:59.999,17966500.842446,16022.0,6735.737,9444801.466041,0.0
32,2023-01-12 00:00:00,1403.47,1405.12,1393.45,1395.14,22827.7239,2023-01-12 00:59:59.999,31942116.260546,24081.0,10736.0402,15019538.327601,0.0
33,2023-01-12 01:00:00,1395.13,1401.75,1395.02,1398.93,14163.884,2023-01-12 01:59:59.999,19817273.942531,22821.0,7393.3963,10343339.244813,0.0
34,2023-01-12 02:00:00,1398.93,1402.46,1396.7,1398.45,20040.8372,2023-01-12 02:59:59.999,28055652.636271,19659.0,8587.4528,12024513.519132,0.0
35,2023-01-12 03:00:00,1398.44,1400.34,1394.86,1400.33,16468.8092,2023-01-12 03:59:59.999,23005143.67856,22141.0,8754.2192,12228931.049233,0.0
36,2023-01-12 04:00:00,1400.34,1403.11,1399.5,1400.03,25404.7941,2023-01-12 04:59:59.999,35588907.634975,19895.0,12483.4813,17487246.113065,0.0
37,2023-01-12 05:00:00,1400.04,1402.25,1396.93,1399.83,22148.7679,2023-01-12 05:59:59.999,31002598.241933,19027.0,10450.4643,14628497.769126,0.0
38,2023-01-12 06:00:00,1399.83,1399.84,1395.17,1397.78,17393.974,2023-01-12 06:59:59.999,24308411.274673,16908.0,9033.7054,12625409.285754,0.0
39,2023-01-12 07:00:00,1397.78,1399.92,1391.67,1399.45,28264.202,2023-01-12 07:59:59.999,39451972.678104,26199.0,14172.4553,19783612.458354,0.0
40,2023-01-12 08:00:00,1399.44,1408.0,1361.92,1405.15,127942.9457,2023-01-12 08:59:59.999,178002192.084196,117673.0,64023.786,89142189.007615,0.0
41,2023-01-12 09:00:00,1405.14,1407.98,1372.42,1381.0,70193.515,2023-01-12 09:59:59.999,97480287.77411,63343.0,32258.9146,44797289.62897,0.0
42,2023-01-12 10:00:00,1381.0,1388.84,1379.96,1386.07,27627.6096,2023-01-12 10:59:59.999,38276450.415686,30660.0,13033.0617,18051744.89492,0.0
43,2023-01-12 11:00:00,1386.07,1388.57,1383.25,1386.88,12757.8712,2023-01-12 11:59:59.999,17680927.915832,20213.0,6515.7173,9030554.148616,0.0
44,2023-01-12 12:00:00,1386.89,1432.79,1383.52,1428.72,85998.5006,2023-01-12 12:59:59.999,121447835.278969,85821.0,47943.2405,67678179.711804,0.0
45,2023-01-12 13:00:00,1428.72,1432.15,1412.51,1421.26,48254.5873,2023-01-12 13:59:59.999,68638480.763715,52726.0,22549.9721,32068184.268996,0.0
46,2023-01-12 14:00:00,1421.27,1437.6,1417.3,1425.86,31927.8966,2023-01-12 14:59:59.999,45520070.73217,41312.0,17385.526,24786307.019398,0.0
47,2023-01-12 15:00:00,1425.86,1434.99,1423.09,1433.42,26025.4885,2023-01-12 15:59:59.999,37194664.656496,33380.0,14300.7482,20438879.274127,0.0
48,2023-01-12 16:00:00,1433.41,1438.0,1422.83,1426.14,33974.5666,2023-01-12 16:59:59.999,48487791.03338,36315.0,16831.3312,24022761.269597,0.0
49,2023-01-12 17:00:00,1426.15,1427.19,1415.84,1422.54,19060.0465,2023-01-12 17:59:59.999,27092601.049498,21365.0,9750.8707,13859820.243955,0.0
50,2023-01-12 18:00:00,1422.54,1422.55,1414.06,1415.92,16573.4352,2023-01-12 18:59:59.999,23505328.367109,18877.0,9048.5493,12833416.514836,0.0
51,2023-01-12 19:00:00,1415.91,1418.14,1403.0,1406.04,33089.9108,2023-01-12 19:59:59.999,46676744.521884,40333.0,18089.821,25517541.520777,0.0
52,2023-01-12 20:00:00,1406.04,1408.9,1401.03,1407.18,18341.2391,2023-01-12 20:59:59.999,25778977.440372,22563.0,8850.0255,12437537.656922,0.0
53,2023-01-12 21:00:00,1407.17,1409.49,1405.26,1409.07,10626.5183,2023-01-12 21:59:59.999,14958003.988933,15997.0,5439.7386,7656939.175861,0.0
54,2023-01-12 22:00:00,1409.07,1415.17,1408.29,1415.01,17780.1436,2023-01-12 22:59:59.999,25091830.411552,20363.0,9652.8254,13623885.668816,0.0
55,2023-01-12 23:00:00,1415.0,1415.64,1410.52,1410.9,9725.3127,2023-01-12 23:59:59.999,13743572.842386,14964.0,4731.7499,6686554.583537,0.0
56,2023-01-13 00:00:00,1410.89,1413.41,1406.08,1406.77,8548.8886,2023-01-13 00:59:59.999,12052733.361406,14941.0,3832.3416,5402820.307605,0.0
57,2023-01-13 01:00:00,1406.77,1411.9,1405.58,1411.14,6197.3336,2023-01-13 01:59:59.999,8729638.297206,13853.0,3201.2373,4509454.236988,0.0
58,2023-01-13 02:00:00,1411.14,1411.67,1405.4,1408.12,9703.4726,2023-01-13 02:59:59.999,13662388.303497,16027.0,4555.9272,6414948.603236,0.0
59,2023-01-13 03:00:00,1408.11,1410.02,1406.66,1408.74,9439.1843,2023-01-13 03:59:59.999,13294858.97262,17418.0,5107.2498,7193281.233541,0.0
60,2023-01-13 04:00:00,1408.73,1412.86,1408.58,1410.0,14716.0575,2023-01-13 04:59:59.999,20764227.33514,20818.0,8076.0538,11394973.923227,0.0
61,2023-01-13 05:00:00,1410.0,1419.5,1404.0,1416.51,29804.1609,2023-01-13 05:59:59.999,42093099.974469,37288.0,15702.4386,22181844.949327,0.0
62,2023-01-13 06:00:00,1416.51,1416.96,1407.55,1409.71,14282.8123,2023-01-13 06:59:59.999,20168521.516263,23990.0,6737.3191,9513628.185193,0.0
63,2023-01-13 07:00:00,1409.71,1410.55,1401.61,1406.79,12446.3501,2023-01-13 07:59:59.999,17507142.835745,22067.0,5663.2649,7966756.603798,0.0
64,2023-01-13 08:00:00,1406.79,1407.7,1403.56,1404.76,13621.7293,2023-01-13 08:59:59.999,19151505.478248,19204.0,5849.5658,8223509.942549,0.0
65,2023-01-13 09:00:00,1404.75,1416.59,1402.89,1409.62,20418.5791,2023-01-13 09:59:59.999,28788913.526443,27833.0,11057.0521,15588993.344788,0.0
66,2023-01-13 10:00:00,1409.61,1424.48,1408.78,1421.98,38897.4878,2023-01-13 10:59:59.999,55139135.766342,43663.0,21679.6867,30729558.117968,0.0
67,2023-01-13 11:00:00,1421.98,1422.49,1406.96,1411.67,28283.4383,2023-01-13 11:59:59.999,39952297.678732,34227.0,14140.2207,19967516.883293,0.0
68,2023-01-13 12:00:00,1411.66,1424.78,1410.65,1417.12,25660.1376,2023-01-13 12:59:59.999,36373674.730124,31227.0,14023.0426,19876041.855643,0.0
69,2023-01-13 13:00:00,1417.12,1425.28,1415.86,1416.32,17050.6604,2023-01-13 13:59:59.999,24213678.780329,24323.0,9239.2104,13120791.704114,0.0
70,2023-01-13 14:00:00,1416.32,1420.67,1414.71,1420.23,13532.5816,2023-01-13 14:59:59.999,19180818.689431,21343.0,7041.41,9980116.5535,0.0
71,2023-01-13 15:00:00,1420.23,1430.95,1417.35,1426.73,27376.6843,2023-01-13 15:59:59.999,38992110.776534,32843.0,15954.6513,22727599.014925,0.0
72,2023-01-13 16:00:00,1426.73,1462.0,1420.77,1455.14,64967.6627,2023-01-13 16:59:59.999,93809272.668114,80055.0,34574.4703,49924376.169053,0.0
73,2023-01-13 17:00:00,1455.13,1464.0,1448.19,1453.35,34358.2051,2023-01-13 17:59:59.999,50105747.169618,46552.0,15482.8126,22579986.147588,0.0
74,2023-01-13 18:00:00,1453.38,1456.91,1442.0,1451.2,20509.3143,2023-01-13 18:59:59.999,29734396.476241,28643.0,10761.1396,15603317.760338,0.0
75,2023-01-13 19:00:00,1451.21,1599.98,1449.14,1540.62,197822.7579,2023-01-13 19:59:59.999,301361171.320915,250202.0,113097.5326,172218422.379457,0.0
76,2023-01-13 20:00:00,1540.61,1560.58,1536.0,1551.74,85121.8741,2023-01-13 20:59:59.999,131831120.478719,84244.0,41574.4218,64391586.633568,0.0
77,2023-01-13 21:00:00,1551.74,1560.0,1549.69,1557.75,46290.7768,2023-01-13 21:59:59.999,72026054.236433,52720.0,23766.7501,36982601.038062,0.0
78,2023-01-13 22:00:00,1557.74,1559.5,1547.46,1556.08,37642.273,2023-01-13 22:59:59.999,58481237.245538,38672.0,19187.6002,29807916.273904,0.0
79,2023-01-13 23:00:00,1556.08,1557.62,1550.98,1553.23,23152.6086,2023-01-13 23:59:59.999,35978825.812693,29074.0,11241.2229,17469031.607602,0.0
80,2023-01-14 00:00:00,1553.23,1554.26,1541.28,1546.63,29703.5939,2023-01-14 00:59:59.999,45947349.047854,34025.0,12657.8236,19578545.807444,0.0
81,2023-01-14 01:00:00,1546.63,1557.06,1546.63,1556.57,21163.7823,2023-01-14 01:59:59.999,32836921.865615,33353.0,12167.5035,18877825.159046,0.0
82,2023-01-14 02:00:00,1556.56,1557.47,1549.68,1553.43,20008.4487,2023-01-14 02:59:59.999,31096090.471405,29447.0,10813.6117,16805847.553923,0.0
83,2023-01-14 03:00:00,1553.43,1564.69,1552.59,1563.0,25846.6101,2023-01-14 03:59:59.999,40322533.275218,39963.0,14922.3765,23276263.979022,0.0
84,2023-01-14 04:00:00,1563.0,1563.68,1507.74,1522.7,113617.1695,2023-01-14 04:59:59.999,173620069.449857,113687.0,52602.0435,80331052.269276,0.0
85,2023-01-14 05:00:00,1522.69,1523.54,1503.34,1522.29,36162.2919,2023-01-14 05:59:59.999,54814319.775664,46275.0,17623.4078,26718295.839417,0.0
86,2023-01-14 06:00:00,1522.29,1536.0,1521.78,1530.09,26633.7524,2023-01-14 06:59:59.999,40734352.270228,37083.0,13822.2321,21137121.078676,0.0
87,2023-01-14 07:00:00,1530.08,1546.88,1520.59,1538.67,32936.3961,2023-01-14 07:59:59.999,50580214.238373,42640.0,16333.6602,25085123.634239,0.0
88,2023-01-14 08:00:00,1538.68,1540.28,1529.41,1533.35,23346.0707,2023-01-14 08:59:59.999,35802987.284721,40527.0,11157.9492,17110834.73288,0.0
89,2023-01-14 09:00:00,1533.34,1546.84,1507.15,1522.72,67022.5268,2023-01-14 09:59:59.999,102301652.529935,75148.0,30946.8338,47242163.229587,0.0
90,2023-01-14 10:00:00,1522.71,1528.61,1516.76,1525.18,28036.1585,2023-01-14 10:59:59.999,42708705.949673,34407.0,14787.3734,22526749.834467,0.0
91,2023-01-14 11:00:00,1525.19,1532.62,1523.18,1528.72,19675.4437,2023-01-14 11:59:59.999,30055108.506651,33647.0,10338.6066,15792545.942766,0.0
92,2023-01-14 12:00:00,1528.73,1536.96,1526.69,1529.26,17743.9177,2023-01-14 12:59:59.999,27178546.106566,26115.0,9468.0719,14502103.41221,0.0
93,2023-01-14 13:00:00,1529.27,1535.18,1525.29,1533.01,16101.2446,2023-01-14 13:59:59.999,24635717.656354,23853.0,7500.3442,11476817.952789,0.0
94,2023-01-14 14:00:00,1533.0,1538.2,1526.67,1529.49,16207.9358,2023-01-14 14:59:59.999,24839345.936552,22406.0,8440.4257,12936057.004668,0.0
95,2023-01-14 15:00:00,1529.49,1537.56,1527.12,1534.97,9248.964,2023-01-14 15:59:59.999,14176644.815478,16754.0,4757.5196,7291887.097915,0.0
96,2023-01-14 16:00:00,1534.97,1541.56,1531.12,1538.61,15097.2271,2023-01-14 16:59:59.999,23197281.576035,25980.0,7960.6668,12231068.216545,0.0
97,2023-01-14 17:00:00,1538.61,1559.91,1537.61,1551.06,17498.8495,2023-01-14 17:59:59.999,27098891.33054,32786.0,10384.4202,16083570.319809,0.0
98,2023-01-14 18:00:00,1551.06,1554.43,1544.61,1549.9,14611.1037,2023-01-14 18:59:59.999,22658677.008154,24791.0,7289.824,11304747.579951,0.0
99,2023-01-14 19:00:00,1549.91,1552.22,1516.12,1527.99,44623.6036,2023-01-14 19:59:59.999,68338286.360971,59867.0,20396.2823,31219749.847526,0.0
100,2023-01-14 20:00:00,1528.0,1530.28,1519.51,1528.4,16397.0923,2023-01-14 20:59:59.999,25000818.658524,25652.0,8088.728,12333399.057186,0.0
101,2023-01-14 21:00:00,1528.4,1531.35,1519.71,1522.23,10045.8548,2023-01-14 21:59:59.999,15324851.313332,18546.0,4618.3868,7045402.294725,0.0
102,2023-01-14 22:00:00,1522.23,1526.85,1516.03,1525.4,15047.0725,2023-01-14 22:59:59.999,22900054.447691,22751.0,7515.502,11438296.8082,0.0
103,2023-01-14 23:00:00,1525.4,1529.17,1524.71,1526.64,6283.6017,2023-01-14 23:59:59.999,9594505.87382,13702.0,3345.8802,5109162.387842,0.0
104,2023-01-15 00:00:00,1526.63,1530.25,1524.33,1528.42,7674.688,2023-01-15 00:59:59.999,11725919.231072,14460.0,3794.4909,5798300.739811,0.0
105,2023-01-15 01:00:00,1528.42,1529.61,1524.3,1525.72,5116.0393,2023-01-15 01:59:59.999,7813895.62466,13021.0,2398.0636,3662622.252573,0.0
106,2023-01-15 02:00:00,1525.73,1529.17,1521.54,1529.16,8500.8173,2023-01-15 02:59:59.999,12967445.40202,17589.0,3750.3909,5721480.955388,0.0
107,2023-01-15 03:00:00,1529.16,1530.78,1518.76,1523.03,15540.5906,2023-01-15 03:59:59.999,23681325.949422,29251.0,7087.8034,10800593.887471,0.0
108,2023-01-15 04:00:00,1523.03,1533.3,1520.0,1532.74,15970.0947,2023-01-15 04:59:59.999,24361302.58373,22041.0,8616.0227,13147302.058419,0.0
109,2023-01-15 05:00:00,1532.74,1533.14,1527.49,1532.04,10872.1774,2023-01-15 05:59:59.999,16639190.263899,15947.0,5207.2906,7969931.110291,0.0
110,2023-01-15 06:00:00,1532.03,1535.04,1528.54,1533.35,13134.3107,2023-01-15 06:59:59.999,20121699.374556,16573.0,6515.5442,9982857.24103,0.0
111,2023-01-15 07:00:00,1533.36,1538.86,1528.93,1531.95,12233.4082,2023-01-15 07:59:59.999,18750028.760597,19703.0,5771.0307,8845483.191707,0.0
112,2023-01-15 08:00:00,1531.94,1540.93,1530.08,1531.79,15769.4389,2023-01-15 08:59:59.999,24189031.579477,23033.0,8848.001,13573480.481458,0.0
113,2023-01-15 09:00:00,1531.79,1543.06,1531.0,1540.09,14423.4373,2023-01-15 09:59:59.999,22157741.607828,25075.0,8348.2085,12825651.675649,0.0
114,2023-01-15 10:00:00,1540.08,1560.16,1538.24,1556.35,32195.1201,2023-01-15 10:59:59.999,49881672.216105,42550.0,16648.7706,25790779.674727,0.0
115,2023-01-15 11:00:00,1556.35,1563.52,1543.36,1545.25,26716.173,2023-01-15 11:59:59.999,41447047.575333,40215.0,13070.4325,20278223.444024,0.0
116,2023-01-15 12:00:00,1545.25,1566.66,1545.25,1551.36,30255.5846,2023-01-15 12:59:59.999,47024143.673697,39693.0,16294.5098,25334810.457788,0.0
117,2023-01-15 13:00:00,1551.36,1551.76,1533.0,1547.87,33402.064,2023-01-15 13:59:59.999,51514816.996294,38180.0,15289.9587,23582805.383376,0.0
118,2023-01-15 14:00:00,1547.88,1557.19,1542.0,1550.15,12639.9878,2023-01-15 14:59:59.999,19600236.682667,21337.0,6275.1689,9729872.375965,0.0
119,2023-01-15 15:00:00,1550.14,1554.55,1546.08,1553.68,8586.0041,2023-01-15 15:59:59.999,13312305.397732,16199.0,4713.0214,7308461.491507,0.0
120,2023-01-15 16:00:00,1553.68,1554.48,1548.74,1551.96,6095.9189,2023-01-15 16:59:59.999,9460038.456441,13861.0,2925.3676,4539207.96488,0.0
121,2023-01-15 17:00:00,1551.96,1560.52,1542.29,1557.55,13277.8361,2023-01-15 17:59:59.999,20576541.998165,21900.0,6789.3218,10525110.496806,0.0
122,2023-01-15 18:00:00,1557.55,1560.93,1547.69,1552.52,13031.7979,2023-01-15 18:59:59.999,20243852.26981,19034.0,6191.5118,9615091.871652,0.0
123,2023-01-15 19:00:00,1552.52,1560.4,1540.54,1557.06,20290.3028,2023-01-15 19:59:59.999,31470683.993744,35936.0,9964.8939,15451770.670803,0.0
124,2023-01-15 20:00:00,1557.06,1577.92,1553.83,1568.02,48436.4934,2023-01-15 20:59:59.999,75899138.156558,56605.0,26046.7506,40811911.697659,0.0
125,2023-01-15 21:00:00,1568.03,1584.58,1563.15,1572.5,35067.2241,2023-01-15 21:59:59.999,55260725.839948,42711.0,16830.9805,26514882.518234,0.0
126,2023-01-15 22:00:00,1572.51,1574.48,1564.1,1569.19,24010.6047,2023-01-15 22:59:59.999,37655746.716932,27875.0,9988.3493,15664958.998446,0.0
127,2023-01-15 23:00:00,1569.19,1573.77,1567.44,1572.32,12963.9078,2023-01-15 23:59:59.999,20357831.043875,18333.0,7497.3514,11773343.934815,0.0
128,2023-01-16 00:00:00,1572.33,1577.2,1571.0,1576.03,15461.1216,2023-01-16 00:59:59.999,24327506.845675,20652.0,7724.6591,12154382.30578,0.0
129,2023-01-16 01:00:00,1576.03,1578.54,1569.36,1571.2,22153.4002,2023-01-16 01:59:59.999,34849876.41608,31739.0,10046.5201,15804297.786334,0.0
130,2023-01-16 02:00:00,1571.2,1571.33,1562.25,1565.95,13740.4517,2023-01-16 02:59:59.999,21529670.371035,21613.0,5633.238,8827591.541183,0.0
131,2023-01-16 03:00:00,1565.96,1566.25,1523.2,1537.45,62033.1757,2023-01-16 03:59:59.999,95576014.405643,76102.0,27850.983,42907914.947765,0.0
132,2023-01-16 04:00:00,1537.46,1545.72,1536.0,1544.4,12060.3949,2023-01-16 04:59:59.999,18587042.919526,23736.0,6132.9389,9452688.003829,0.0
133,2023-01-16 05:00:00,1544.4,1552.97,1544.03,1546.98,12317.3857,2023-01-16 05:59:59.999,19070826.269336,22699.0,5513.9578,8537421.864694,0.0
134,2023-01-16 06:00:00,1546.98,1548.4,1539.54,1542.32,11437.1063,2023-01-16 06:59:59.999,17652003.931344,20134.0,4943.0874,7629461.587268,0.0
135,2023-01-16 07:00:00,1542.31,1546.18,1537.85,1539.0,10984.2616,2023-01-16 07:59:59.999,16946412.889276,19888.0,4578.1038,7063494.257993,0.0
136,2023-01-16 08:00:00,1539.0,1545.96,1539.0,1544.67,18137.6561,2023-01-16 08:59:59.999,27982721.39224,20889.0,9405.4904,14512661.99367,0.0
137,2023-01-16 09:00:00,1544.67,1549.27,1531.79,1542.37,18976.7703,2023-01-16 09:59:59.999,29260543.190863,30577.0,9164.489,14132477.872487,0.0
138,2023-01-16 10:00:00,1542.37,1553.38,1521.31,1549.97,41096.5336,2023-01-16 10:59:59.999,63248367.875046,54829.0,20498.7035,31559409.7053,0.0
139,2023-01-16 11:00:00,1549.97,1559.32,1545.71,1551.51,17461.3409,2023-01-16 11:59:59.999,27097303.46925,32109.0,9213.7965,14296159.786572,0.0
140,2023-01-16 12:00:00,1551.51,1562.14,1548.66,1561.44,20082.4765,2023-01-16 12:59:59.999,31240797.61299,33865.0,10185.9854,15846414.364036,0.0
141,2023-01-16 13:00:00,1561.45,1574.69,1557.4,1572.55,20449.2754,2023-01-16 13:59:59.999,32028134.778347,30374.0,11757.2235,18417709.503879,0.0
142,2023-01-16 14:00:00,1572.54,1604.5,1571.69,1591.23,60767.0368,2023-01-16 14:59:59.999,96564211.016426,75761.0,34609.3071,54994540.742394,0.0
143,2023-01-16 15:00:00,1591.22,1599.26,1584.13,1587.02,19967.4795,2023-01-16 15:59:59.999,31746928.54555,31534.0,10374.1787,16495287.816105,0.0
144,2023-01-16 16:00:00,1587.02,1587.58,1574.0,1579.58,23120.9395,2023-01-16 16:59:59.999,36523061.113042,34432.0,10234.2661,16167695.049123,0.0
145,2023-01-16 17:00:00,1579.59,1585.88,1578.2,1580.0,11020.9998,2023-01-16 17:59:59.999,17433761.970534,18108.0,5227.4025,8268474.931952,0.0
146,2023-01-16 18:00:00,1580.01,1582.69,1572.95,1576.94,22586.5564,2023-01-16 18:59:59.999,35644442.166724,21942.0,9930.7801,15673654.148158,0.0
147,2023-01-16 19:00:00,1576.94,1582.6,1558.66,1566.27,40478.2355,2023-01-16 19:59:59.999,63589508.021807,57862.0,20263.5131,31837458.566525,0.0
148,2023-01-16 20:00:00,1566.27,1569.37,1541.15,1556.01,35411.693,2023-01-16 20:59:59.999,55011910.707811,47812.0,15980.9356,24827575.674781,0.0
149,2023-01-16 21:00:00,1556.01,1563.49,1552.81,1562.35,9645.5907,2023-01-16 21:59:59.999,15024672.343206,18972.0,5167.3208,8050461.430797,0.0
150,2023-01-16 22:00:00,1562.35,1566.11,1558.18,1563.59,8209.6638,2023-01-16 22:59:59.999,12819676.592318,15552.0,3636.9713,5680028.707193,0.0
151,2023-01-16 23:00:00,1563.59,1577.55,1561.71,1567.73,16537.6719,2023-01-16 23:59:59.999,25959556.592076,23122.0,9122.3021,14317631.177906,0.0
152,2023-01-17 00:00:00,1567.73,1571.27,1567.01,1570.06,6303.4287,2023-01-17 00:59:59.999,9888483.994897,14602.0,3476.2048,5453119.769905,0.0
153,2023-01-17 01:00:00,1570.07,1570.53,1558.16,1559.7,8327.079,2023-01-17 01:59:59.999,13022589.096406,19894.0,3596.2329,5623798.833678,0.0
154,2023-01-17 02:00:00,1559.7,1568.29,1558.23,1563.35,11681.8916,2023-01-17 02:59:59.999,18253753.879325,21139.0,5704.4949,8914541.688727,0.0
155,2023-01-17 03:00:00,1563.35,1569.74,1562.74,1569.11,14668.0754,2023-01-17 03:59:59.999,22966865.55644,22468.0,7373.0681,11545223.287743,0.0
156,2023-01-17 04:00:00,1569.11,1572.03,1562.86,1565.12,9098.0596,2023-01-17 04:59:59.999,14252584.079757,18539.0,4741.3461,7428122.251233,0.0
157,2023-01-17 05:00:00,1565.12,1565.55,1558.2,1561.78,10987.1691,2023-01-17 05:59:59.999,17160464.543435,18834.0,4615.1006,7208940.427411,0.0
158,2023-01-17 06:00:00,1561.77,1569.77,1560.66,1569.07,12816.6632,2023-01-17 06:59:59.999,20050328.375711,19604.0,6135.2391,9601505.740164,0.0
159,2023-01-17 07:00:00,1569.08,1576.28,1565.15,1570.06,26591.2673,2023-01-17 07:59:59.999,41780099.576012,30747.0,13541.6925,21277583.320253,0.0
160,2023-01-17 08:00:00,1570.06,1573.5,1564.43,1570.28,16917.5388,2023-01-17 08:59:59.999,26543644.579164,22056.0,9303.3391,14597558.086342,0.0
161,2023-01-17 09:00:00,1570.29,1609.0,1566.59,1580.93,94247.6138,2023-01-17 09:59:59.999,149332774.012244,101548.0,47658.9604,75522289.365709,0.0
162,2023-01-17 10:00:00,1580.92,1587.89,1560.97,1571.4,43415.7568,2023-01-17 10:59:59.999,68464759.605864,45321.0,21647.9901,34140549.577279,0.0
163,2023-01-17 11:00:00,1571.41,1578.94,1565.0,1574.09,20451.7908,2023-01-17 11:59:59.999,32145640.395854,33094.0,10997.8999,17291439.059392,0.0
164,2023-01-17 12:00:00,1574.09,1581.0,1568.5,1579.1,23365.0751,2023-01-17 12:59:59.999,36756804.414375,25034.0,12823.4727,20175361.0438,0.0
165,2023-01-17 13:00:00,1579.1,1599.14,1575.86,1595.66,26781.0312,2023-01-17 13:59:59.999,42513819.478877,32974.0,15021.5479,23845737.18446,0.0
166,2023-01-17 14:00:00,1595.67,1596.55,1585.85,1588.85,17380.3368,2023-01-17 14:59:59.999,27632853.318696,23897.0,7773.7321,12358637.563498,0.0
167,2023-01-17 15:00:00,1588.86,1592.64,1578.25,1586.76,15603.2029,2023-01-17 15:59:59.999,24754287.757697,21653.0,7458.4968,11834934.127654,0.0
168,2023-01-17 16:00:00,1586.76,1587.88,1576.03,1580.85,11760.7286,2023-01-17 16:59:59.999,18592965.04215,25295.0,6202.4714,9805129.036503,0.0
169,2023-01-17 17:00:00,1580.86,1581.83,1571.9,1574.17,8016.1777,2023-01-17 17:59:59.999,12640936.447046,16991.0,3057.3476,4821070.271069,0.0
170,2023-01-17 18:00:00,1574.16,1578.53,1563.69,1565.57,18075.9806,2023-01-17 18:59:59.999,28393641.776169,26315.0,8500.7819,13353542.509699,0.0
171,2023-01-17 19:00:00,1565.56,1574.58,1562.93,1570.59,13596.5937,2023-01-17 19:59:59.999,21339053.409469,21543.0,6791.7357,10660055.96165,0.0
172,2023-01-17 20:00:00,1570.6,1581.44,1570.18,1581.09,13895.7342,2023-01-17 20:59:59.999,21881544.308253,21733.0,7624.9292,12009467.688145,0.0
173,2023-01-17 21:00:00,1581.09,1587.72,1570.44,1583.95,25015.9896,2023-01-17 21:59:59.999,39527916.912394,30645.0,13712.3558,21668456.852457,0.0
174,2023-01-17 22:00:00,1583.96,1592.01,1581.51,1582.01,20188.6731,2023-01-17 22:59:59.999,32034514.219629,26093.0,10111.6598,16047838.465652,0.0
175,2023-01-17 23:00:00,1582.0,1585.85,1578.86,1585.38,10783.136,2023-01-17 23:59:59.999,17064965.381174,16762.0,6085.5156,9629296.127036,0.0
176,2023-01-18 00:00:00,1585.38,1588.72,1583.5,1587.26,11934.1017,2023-01-18 00:59:59.999,18932476.277571,16073.0,6749.4135,10707122.010925,0.0
177,2023-01-18 01:00:00,1587.26,1587.75,1580.3,1582.05,10383.3378,2023-01-18 01:59:59.999,16443850.680459,15994.0,4769.5083,7553105.181249,0.0
178,2023-01-18 02:00:00,1582.05,1584.1,1579.63,1583.14,15091.6254,2023-01-18 02:59:59.999,23875640.630829,16728.0,8388.7029,13272283.567637,0.0
179,2023-01-18 03:00:00,1583.14,1583.77,1571.57,1576.66,18081.0446,2023-01-18 03:59:59.999,28518168.962594,23361.0,9118.9977,14381525.360542,0.0
180,2023-01-18 04:00:00,1576.66,1582.0,1570.67,1578.47,15224.8876,2023-01-18 04:59:59.999,24008777.951052,21971.0,7831.762,12352911.931824,0.0
181,2023-01-18 05:00:00,1578.48,1579.62,1572.27,1573.6,9872.6906,2023-01-18 05:59:59.999,15558427.972812,16914.0,4821.5457,7598770.750573,0.0
182,2023-01-18 06:00:00,1573.6,1578.41,1573.05,1575.9,6836.9247,2023-01-18 06:59:59.999,10775680.367552,15252.0,3509.6929,5531135.817657,0.0
183,2023-01-18 07:00:00,1575.9,1583.58,1575.9,1580.09,9517.8259,2023-01-18 07:59:59.999,15034430.057589,18413.0,5981.6,9448843.064166,0.0
184,2023-01-18 08:00:00,1580.09,1599.0,1575.6,1594.24,52421.9863,2023-01-18 08:59:59.999,83215763.513212,54119.0,26874.8936,42665344.479154,0.0
185,2023-01-18 09:00:00,1594.23,1610.0,1586.92,1593.64,60405.3498,2023-01-18 09:59:59.999,96468049.838048,65112.0,30122.4292,48116460.439508,0.0
186,2023-01-18 10:00:00,1593.64,1602.7,1533.02,1549.75,109499.3893,2023-01-18 10:59:59.999,171240252.177777,101549.0,53098.9687,83057236.899437,0.0
187,2023-01-18 11:00:00,1549.63,1549.96,1501.39,1538.24,143546.1123,2023-01-18 11:59:59.999,218933089.749116,166980.0,73534.1197,112137626.868776,0.0
188,2023-01-18 12:00:00,1538.23,1566.88,1535.0,1541.58,84124.9329,2023-01-18 12:59:59.999,130339165.277402,97028.0,41522.8308,64331797.232946,0.0
189,2023-01-18 13:00:00,1541.58,1555.0,1536.0,1542.03,30508.9995,2023-01-18 13:59:59.999,47112805.314893,38076.0,14996.4365,23154886.584493,0.0
190,2023-01-18 14:00:00,1542.03,1549.1,1538.12,1541.96,13174.3106,2023-01-18 14:59:59.999,20342586.945104,19155.0,6772.0677,10458197.747878,0.0
191,2023-01-18 15:00:00,1541.96,1544.78,1516.55,1521.38,30763.2242,2023-01-18 15:59:59.999,47024641.159258,37215.0,15416.2908,23558915.084955,0.0
192,2023-01-18 16:00:00,1521.38,1532.46,1519.62,1528.46,13064.2538,2023-01-18 16:59:59.999,19957533.406402,21415.0,6080.3448,9288091.113867,0.0
193,2023-01-18 17:00:00,1528.46,1531.67,1517.39,1531.38,12766.0369,2023-01-18 17:59:59.999,19456094.506775,19748.0,5708.0632,8698003.02528,0.0
194,2023-01-18 18:00:00,1531.39,1533.28,1507.9,1511.43,21837.7252,2023-01-18 18:59:59.999,33157738.710499,31708.0,9825.4824,14913538.108675,0.0
195,2023-01-18 19:00:00,1511.44,1523.25,1509.15,1516.26,18982.5522,2023-01-18 19:59:59.999,28803814.463072,25941.0,9697.3417,14713562.323962,0.0
196,2023-01-18 20:00:00,1516.25,1523.8,1515.51,1518.14,9312.9368,2023-01-18 20:59:59.999,14156952.593427,16969.0,5112.2249,7770776.354312,0.0
197,2023-01-18 21:00:00,1518.15,1526.38,1513.91,1525.07,9716.0774,2023-01-18 21:59:59.999,14774753.214389,14526.0,4866.5082,7401357.999745,0.0
198,2023-01-18 22:00:00,1525.08,1528.0,1523.45,1524.82,6372.4671,2023-01-18 22:59:59.999,9721790.364316,12961.0,2999.6593,4576457.870505,0.0
199,2023-01-18 23:00:00,1524.82,1532.5,1524.82,1528.37,7071.4803,2023-01-18 23:59:59.999,10811868.671587,15290.0,3777.3075,5774227.244774,0.0
200,2023-01-19 00:00:00,1528.36,1532.06,1526.66,1528.14,3960.0412,2023-01-19 00:59:59.999,6053828.782879,10866.0,1984.378,3033718.533111,0.0
201,2023-01-19 01:00:00,1528.14,1531.78,1525.12,1530.56,7205.3839,2023-01-19 01:59:59.999,11015182.91264,13460.0,4159.7515,6359991.771993,0.0
202,2023-01-19 02:00:00,1530.57,1532.38,1527.39,1528.65,5736.5353,2023-01-19 02:59:59.999,8775211.939068,13507.0,3014.8438,4611783.790927,0.0
203,2023-01-19 03:00:00,1528.65,1531.64,1526.09,1527.03,7159.766,2023-01-19 03:59:59.999,10944504.640169,15395.0,3349.1161,5119630.468593,0.0
204,2023-01-19 04:00:00,1527.04,1528.59,1519.55,1527.58,10300.473,2023-01-19 04:59:59.999,15711044.304033,16057.0,4784.7511,7297966.452433,0.0
205,2023-01-19 05:00:00,1527.58,1529.03,1522.2,1525.28,6087.2868,2023-01-19 05:59:59.999,9286353.784116,13004.0,3105.1619,4737614.871388,0.0
206,2023-01-19 06:00:00,1525.27,1525.37,1516.17,1519.61,12086.7352,2023-01-19 06:59:59.999,18365992.915594,17882.0,5821.3054,8844493.510621,0.0
207,2023-01-19 07:00:00,1519.6,1523.11,1513.33,1519.19,11231.2795,2023-01-19 07:59:59.999,17057646.773983,17591.0,4956.0136,7526452.028881,0.0
208,2023-01-19 08:00:00,1519.19,1528.23,1513.38,1525.07,20335.4012,2023-01-19 08:59:59.999,30947295.463496,26321.0,10148.8244,15446160.077024,0.0
209,2023-01-19 09:00:00,1525.07,1538.91,1519.54,1532.9,34537.6468,2023-01-19 09:59:59.999,52844840.527565,37540.0,17723.7638,27118467.082528,0.0
210,2023-01-19 10:00:00,1532.89,1547.86,1531.28,1533.09,27850.2425,2023-01-19 10:59:59.999,42841959.581355,32233.0,14646.3106,22530037.073951,0.0
211,2023-01-19 11:00:00,1533.09,1539.95,1530.78,1535.11,13534.8483,2023-01-19 11:59:59.999,20777117.78061,21531.0,7188.5809,11035932.680253,0.0
212,2023-01-19 12:00:00,1535.1,1541.61,1522.65,1529.37,16934.571,2023-01-19 12:59:59.999,25954187.074596,22916.0,8244.6358,12632723.596658,0.0
213,2023-01-19 13:00:00,1529.38,1543.33,1528.01,1539.08,11574.9136,2023-01-19 13:59:59.999,17776860.092637,20477.0,6372.9117,9786809.194192,0.0
214,2023-01-19 14:00:00,1539.09,1554.52,1537.06,1551.95,20774.0788,2023-01-19 14:59:59.999,32154390.342757,29579.0,11211.5434,17351442.031939,0.0
215,2023-01-19 15:00:00,1551.95,1564.43,1551.94,1557.44,19952.4484,2023-01-19 15:59:59.999,31074890.686194,28840.0,10277.5447,16005810.005345,0.0
216,2023-01-19 16:00:00,1557.45,1560.12,1545.0,1545.01,12106.197,2023-01-19 16:59:59.999,18788394.84744,27931.0,5898.5994,9155626.847069,0.0
217,2023-01-19 17:00:00,1545.0,1552.63,1544.27,1551.5,8937.7756,2023-01-19 17:59:59.999,13852394.600786,13493.0,4781.6032,7410620.246762,0.0
218,2023-01-19 18:00:00,1551.51,1555.66,1546.55,1551.09,6918.3266,2023-01-19 18:59:59.999,10729534.578221,12893.0,3737.6555,5797080.894339,0.0
219,2023-01-19 19:00:00,1551.09,1554.68,1546.0,1548.21,9966.8079,2023-01-19 19:59:59.999,15446338.694292,23204.0,4762.8881,7381085.513808,0.0
220,2023-01-19 20:00:00,1548.22,1558.21,1545.51,1556.18,8390.0406,2023-01-19 20:59:59.999,13030347.662227,14595.0,4419.4101,6864126.863967,0.0
221,2023-01-19 21:00:00,1556.18,1563.88,1553.61,1553.66,12407.6565,2023-01-19 21:59:59.999,19328444.407344,18874.0,6019.8307,9377946.049121,0.0
222,2023-01-19 22:00:00,1553.66,1556.12,1551.29,1554.54,4589.1313,2023-01-19 22:59:59.999,7132768.039577,14113.0,2233.4567,3471400.318482,0.0
223,2023-01-19 23:00:00,1554.55,1556.66,1545.98,1546.92,9126.3026,2023-01-19 23:59:59.999,14162054.918707,14014.0,4140.6586,6425041.809859,0.0
224,2023-01-20 00:00:00,1546.91,1551.0,1542.74,1547.12,10561.4792,2023-01-20 00:59:59.999,16340368.276103,17279.0,4550.3957,7039754.773064,0.0
225,2023-01-20 01:00:00,1547.11,1549.35,1543.35,1545.15,7548.0239,2023-01-20 01:59:59.999,11669587.86411,20996.0,3871.6959,5985918.409187,0.0
226,2023-01-20 02:00:00,1545.15,1553.18,1542.02,1550.33,12720.2804,2023-01-20 02:59:59.999,19698865.461877,16423.0,5890.7343,9122193.951188,0.0
227,2023-01-20 03:00:00,1550.32,1553.04,1545.26,1551.96,17744.6765,2023-01-20 03:59:59.999,27509393.311208,22120.0,7897.9385,12244019.288013,0.0
228,2023-01-20 04:00:00,1551.95,1555.85,1548.44,1552.55,8166.8964,2023-01-20 04:59:59.999,12676960.463555,15343.0,4041.8729,6274141.402076,0.0
229,2023-01-20 05:00:00,1552.55,1553.38,1548.44,1552.7,5157.1687,2023-01-20 05:59:59.999,7997697.502654,12811.0,2864.1507,4441661.131702,0.0
230,2023-01-20 06:00:00,1552.71,1554.01,1548.88,1549.49,4945.3868,2023-01-20 06:59:59.999,7670424.894137,12469.0,2344.5521,3636295.920294,0.0
231,2023-01-20 07:00:00,1549.48,1560.69,1549.02,1558.11,10813.4817,2023-01-20 07:59:59.999,16818356.591689,20762.0,6310.2142,9814495.821582,0.0
232,2023-01-20 08:00:00,1558.11,1562.7,1552.58,1554.16,8562.9254,2023-01-20 08:59:59.999,13337882.257065,18749.0,4303.9264,6705015.980652,0.0
233,2023-01-20 09:00:00,1554.17,1568.0,1551.44,1560.79,20702.2685,2023-01-20 09:59:59.999,32288670.818107,34094.0,10572.5349,16488494.498971,0.0
234,2023-01-20 10:00:00,1560.78,1569.9,1559.36,1563.69,15353.3205,2023-01-20 10:59:59.999,24021608.442228,27089.0,8853.6312,13850701.254059,0.0
235,2023-01-20 11:00:00,1563.69,1593.38,1561.61,1585.32,40180.9408,2023-01-20 11:59:59.999,63440477.345023,59723.0,23265.9434,36730560.196778,0.0
236,2023-01-20 12:00:00,1585.32,1596.55,1585.32,1592.02,24675.6487,2023-01-20 12:59:59.999,39238749.489862,33250.0,12199.3386,19398814.316125,0.0
237,2023-01-20 13:00:00,1592.03,1598.76,1583.66,1592.0,22812.8519,2023-01-20 13:59:59.999,36304773.65441,32697.0,11160.7161,17762612.577877,0.0
238,2023-01-20 14:00:00,1592.0,1601.53,1589.0,1600.49,19790.5392,2023-01-20 14:59:59.999,31583163.851624,28400.0,10837.9159,17300349.659978,0.0
239,2023-01-20 15:00:00,1600.49,1644.39,1600.48,1641.35,81252.2184,2023-01-20 15:59:59.999,132176243.724197,114168.0,45952.8852,74698745.560895,0.0
240,2023-01-20 16:00:00,1641.34,1650.95,1635.38,1636.83,27894.363,2023-01-20 16:59:59.999,45791232.028964,48636.0,13761.4712,22602371.819308,0.0
241,2023-01-20 17:00:00,1636.83,1669.9,1635.97,1651.94,37783.6154,2023-01-20 17:59:59.999,62384713.542341,62086.0,19243.9399,31776377.404412,0.0
242,2023-01-20 18:00:00,1651.93,1662.48,1649.64,1658.52,19424.9731,2023-01-20 18:59:59.999,32178794.629362,28738.0,10757.9201,17820696.810839,0.0
243,2023-01-20 19:00:00,1658.53,1676.61,1653.21,1654.71,41929.5557,2023-01-20 19:59:59.999,69663840.504002,57988.0,21078.3576,35021901.342504,0.0
244,2023-01-20 20:00:00,1654.7,1658.17,1652.23,1652.26,15599.5417,2023-01-20 20:59:59.999,25817900.993642,20617.0,6899.1062,11419994.601922,0.0
245,2023-01-20 21:00:00,1652.25,1657.0,1642.6,1648.46,16476.1281,2023-01-20 21:59:59.999,27196831.734461,18912.0,7544.5737,12453618.813202,0.0
246,2023-01-20 22:00:00,1648.45,1650.34,1644.49,1648.8,9754.9628,2023-01-20 22:59:59.999,16078702.502193,13065.0,4796.3444,7906321.042273,0.0
247,2023-01-20 23:00:00,1648.81,1654.92,1647.0,1650.45,9497.2232,2023-01-20 23:59:59.999,15688601.000616,13858.0,4800.4015,7930482.666437,0.0
248,2023-01-21 00:00:00,1650.46,1650.46,1645.42,1646.02,7092.5395,2023-01-21 00:59:59.999,11693470.147515,10102.0,2596.7264,4281215.674347,0.0
249,2023-01-21 01:00:00,1646.03,1654.33,1645.04,1652.96,10127.6052,2023-01-21 01:59:59.999,16709583.984652,12766.0,6027.9432,9945006.456268,0.0
250,2023-01-21 02:00:00,1652.96,1654.0,1649.43,1651.19,8990.7216,2023-01-21 02:59:59.999,14853607.728998,12375.0,4173.9477,6897032.916381,0.0
251,2023-01-21 03:00:00,1651.2,1654.01,1646.2,1647.28,13574.4552,2023-01-21 03:59:59.999,22412582.626573,18230.0,6976.7559,11519670.858543,0.0
252,2023-01-21 04:00:00,1647.29,1665.48,1644.81,1662.28,28320.4814,2023-01-21 04:59:59.999,46837675.560081,29951.0,16826.9716,27830246.321315,0.0
253,2023-01-21 05:00:00,1662.28,1679.26,1616.21,1641.25,101287.0817,2023-01-21 05:59:59.999,166809611.863631,107695.0,48522.0417,79937126.850525,0.0
254,2023-01-21 06:00:00,1641.25,1650.0,1632.6,1647.04,19960.8549,2023-01-21 06:59:59.999,32788920.921867,29299.0,10194.866,16749644.328304,0.0
255,2023-01-21 07:00:00,1647.04,1660.0,1645.31,1658.59,20043.09,2023-01-21 07:59:59.999,33114322.545741,24421.0,10629.6529,17562181.58709,0.0
256,2023-01-21 08:00:00,1658.58,1658.59,1645.5,1650.54,15609.847,2023-01-21 08:59:59.999,25782118.779561,23292.0,7067.6584,11671502.515419,0.0
257,2023-01-21 09:00:00,1650.54,1654.0,1646.72,1649.01,9528.6905,2023-01-21 09:59:59.999,15725214.559317,16723.0,4809.587,7937340.051091,0.0
258,2023-01-21 10:00:00,1649.01,1667.29,1643.29,1647.26,35896.1938,2023-01-21 10:59:59.999,59480678.798144,41992.0,18451.3061,30573108.818471,0.0
259,2023-01-21 11:00:00,1647.27,1661.39,1645.84,1657.77,18836.5695,2023-01-21 11:59:59.999,31175787.653231,28803.0,10247.5279,16960911.583062,0.0
260,2023-01-21 12:00:00,1657.78,1661.49,1647.27,1655.34,18030.8741,2023-01-21 12:59:59.999,29853764.084598,28415.0,8921.6218,14772289.739784,0.0
261,2023-01-21 13:00:00,1655.34,1661.96,1649.88,1661.21,9682.1406,2023-01-21 13:59:59.999,16027457.236883,18197.0,4656.9919,7709925.732155,0.0
262,2023-01-21 14:00:00,1661.21,1668.88,1658.09,1663.19,13930.5958,2023-01-21 14:59:59.999,23175681.690698,20965.0,8181.9264,13611832.963383,0.0
263,2023-01-21 15:00:00,1663.18,1667.97,1654.13,1654.19,12146.1132,2023-01-21 15:59:59.999,20157390.510769,20237.0,4956.0955,8224384.100084,0.0
264,2023-01-21 16:00:00,1654.19,1664.57,1651.71,1663.27,10377.9623,2023-01-21 16:59:59.999,17199910.709767,17130.0,6302.5628,10445492.747393,0.0
265,2023-01-21 17:00:00,1663.26,1663.67,1625.99,1628.96,12751.2182,2023-01-21 17:59:59.999,20999166.853006,21128.0,5094.7111,8395940.789132,0.0
266,2023-01-21 18:00:00,1628.96,1643.9,1622.09,1626.66,34804.1549,2023-01-21 18:59:59.999,56747272.356905,42534.0,12827.6169,20917827.85117,0.0
267,2023-01-21 19:00:00,1626.65,1636.49,1622.55,1632.35,13924.6321,2023-01-21 19:59:59.999,22707605.695964,27651.0,7241.0208,11808723.168587,0.0
268,2023-01-21 20:00:00,1632.34,1633.13,1614.71,1623.89,23960.3893,2023-01-21 20:59:59.999,38895979.297802,27106.0,13085.261,21236857.933318,0.0
269,2023-01-21 21:00:00,1623.88,1625.57,1604.0,1615.68,17542.4438,2023-01-21 21:59:59.999,28336042.694484,25737.0,7727.6776,12481147.57809,0.0
270,2023-01-21 22:00:00,1615.68,1622.85,1615.67,1622.5,11131.9434,2023-01-21 22:59:59.999,18025692.845947,14747.0,6238.7434,10100965.574933,0.0
271,2023-01-21 23:00:00,1622.51,1628.85,1620.77,1626.18,12456.2961,2023-01-21 23:59:59.999,20240040.697788,15077.0,6697.9745,10882787.095205,0.0
272,2023-01-22 00:00:00,1626.18,1631.09,1625.76,1627.73,12794.9788,2023-01-22 00:59:59.999,20826347.12689,13573.0,6622.0012,10778977.702284,0.0
273,2023-01-22 01:00:00,1627.72,1631.15,1626.5,1628.79,8155.9762,2023-01-22 01:59:59.999,13286739.926004,15945.0,4259.1969,6937917.747631,0.0
274,2023-01-22 02:00:00,1628.79,1630.0,1626.87,1627.08,7846.5097,2023-01-22 02:59:59.999,12777213.856135,9660.0,3837.1641,6248853.616186,0.0
275,2023-01-22 03:00:00,1627.07,1631.55,1620.83,1631.35,14179.8084,2023-01-22 03:59:59.999,23063494.997993,15255.0,8288.4882,13482443.249276,0.0
276,2023-01-22 04:00:00,1631.35,1631.85,1622.62,1624.92,13714.8811,2023-01-22 04:59:59.999,22318007.780021,12649.0,6661.7811,10837448.011387,0.0
277,2023-01-22 05:00:00,1624.92,1627.74,1620.0,1625.61,10884.6975,2023-01-22 05:59:59.999,17685356.354699,13163.0,5840.7844,9490489.93356,0.0
278,2023-01-22 06:00:00,1625.61,1628.33,1618.47,1624.57,9986.6389,2023-01-22 06:59:59.999,16215843.471078,15316.0,4765.1326,7737617.791029,0.0
279,2023-01-22 07:00:00,1624.57,1634.93,1620.18,1633.61,14592.638,2023-01-22 07:59:59.999,23758929.284941,18850.0,8516.2334,13868572.000463,0.0
280,2023-01-22 08:00:00,1633.61,1638.84,1629.88,1632.01,12468.0718,2023-01-22 08:59:59.999,20362788.846089,16731.0,6070.9513,9917433.743333,0.0
281,2023-01-22 09:00:00,1632.01,1645.61,1630.77,1642.51,21972.6883,2023-01-22 09:59:59.999,36008445.555192,23522.0,11355.4724,18608091.217227,0.0
282,2023-01-22 10:00:00,1642.5,1650.51,1617.54,1635.51,48063.4913,2023-01-22 10:59:59.999,78660083.130112,54928.0,23036.4065,37703147.888347,0.0
283,2023-01-22 11:00:00,1635.5,1640.81,1629.61,1636.71,13393.6964,2023-01-22 11:59:59.999,21908571.829171,19625.0,6391.2514,10454808.133242,0.0
284,2023-01-22 12:00:00,1636.71,1663.89,1635.36,1656.63,32756.0292,2023-01-22 12:59:59.999,54166124.892656,39389.0,17162.433,28374267.543859,0.0
285,2023-01-22 13:00:00,1656.64,1659.7,1646.02,1646.56,16107.6199,2023-01-22 13:59:59.999,26619775.863127,20318.0,8415.3936,13908003.565668,0.0
286,2023-01-22 14:00:00,1646.55,1648.14,1632.41,1635.1,16117.3121,2023-01-22 14:59:59.999,26443840.574926,21797.0,6654.5826,10916306.791892,0.0
287,2023-01-22 15:00:00,1635.11,1636.34,1607.06,1614.08,54704.3606,2023-01-22 15:59:59.999,88608000.110944,58523.0,25207.6714,40820574.375112,0.0
288,2023-01-22 16:00:00,1614.08,1630.12,1607.35,1627.58,22608.232,2023-01-22 16:59:59.999,36575995.529032,32803.0,11572.6068,18725089.885188,0.0
289,2023-01-22 17:00:00,1627.58,1629.72,1620.79,1628.71,9453.5406,2023-01-22 17:59:59.999,15362651.814287,17115.0,4041.0769,6566770.637677,0.0
290,2023-01-22 18:00:00,1628.72,1632.93,1623.86,1627.44,12912.8154,2023-01-22 18:59:59.999,21030246.442123,20529.0,6456.9128,10514665.076821,0.0
291,2023-01-22 19:00:00,1627.43,1639.09,1625.68,1635.74,17220.4639,2023-01-22 19:59:59.999,28119883.844467,28015.0,8270.0823,13502980.590011,0.0
292,2023-01-22 20:00:00,1635.73,1642.19,1635.51,1635.64,13275.9605,2023-01-22 20:59:59.999,21753859.522631,21086.0,6735.5773,11037018.193694,0.0
293,2023-01-22 21:00:00,1635.65,1640.89,1635.64,1640.89,6955.8145,2023-01-22 21:59:59.999,11397413.536489,15526.0,3952.0263,6475094.244448,0.0
294,2023-01-22 22:00:00,1640.89,1642.58,1628.33,1630.41,11841.3461,2023-01-22 22:59:59.999,19354266.66702,20177.0,5493.7567,8979305.096719,0.0
295,2023-01-22 23:00:00,1630.41,1636.06,1628.41,1635.99,7977.1846,2023-01-22 23:59:59.999,13024569.748731,14044.0,4290.6537,7005691.211114,0.0
296,2023-01-23 00:00:00,1636.0,1636.73,1631.38,1632.2,6986.0743,2023-01-23 00:59:59.999,11415982.891842,12896.0,2612.6118,4268535.442455,0.0
297,2023-01-23 01:00:00,1632.19,1637.75,1631.16,1637.18,7149.2173,2023-01-23 01:59:59.999,11690777.498539,18193.0,4068.6142,6653160.886303,0.0
298,2023-01-23 02:00:00,1637.18,1638.0,1627.88,1633.3,12458.9074,2023-01-23 02:59:59.999,20357380.536124,21139.0,6425.0757,10501134.32074,0.0
299,2023-01-23 03:00:00,1633.31,1639.26,1630.72,1631.41,9554.0036,2023-01-23 03:59:59.999,15614642.497343,18477.0,4422.9607,7228834.308446,0.0
300,2023-01-23 04:00:00,1631.4,1635.0,1630.3,1634.75,7889.4319,2023-01-23 04:59:59.999,12880580.956126,17095.0,4141.9172,6762647.06929,0.0
301,2023-01-23 05:00:00,1634.76,1640.0,1633.51,1637.08,13436.8784,2023-01-23 05:59:59.999,21996638.488618,23204.0,7790.4872,12752672.135403,0.0
302,2023-01-23 06:00:00,1637.09,1638.07,1633.42,1636.67,10901.59,2023-01-23 06:59:59.999,17835062.002197,17145.0,5142.5261,8413591.944092,0.0
303,2023-01-23 07:00:00,1636.66,1639.01,1630.0,1635.24,12737.5651,2023-01-23 07:59:59.999,20824261.618189,18943.0,6521.4648,10661245.222692,0.0
304,2023-01-23 08:00:00,1635.25,1636.68,1613.48,1622.57,27050.5558,2023-01-23 08:59:59.999,43967991.913302,36453.0,12663.7224,20585224.861383,0.0
305,2023-01-23 09:00:00,1622.57,1648.09,1585.29,1599.13,59869.0705,2023-01-23 09:59:59.999,97020500.541548,73091.0,29020.9187,47080685.80632,0.0
306,2023-01-23 10:00:00,1598.92,1626.35,1594.61,1620.85,46998.0239,2023-01-23 10:59:59.999,75865635.383446,61036.0,23752.4719,38337090.624291,0.0
307,2023-01-23 11:00:00,1620.84,1625.76,1612.38,1619.82,22345.2418,2023-01-23 11:59:59.999,36178824.350672,26444.0,10281.7335,16648207.975038,0.0
308,2023-01-23 12:00:00,1619.83,1629.28,1615.29,1629.02,19807.9856,2023-01-23 12:59:59.999,32091066.938581,26444.0,10629.6765,17222213.565351,0.0
309,2023-01-23 13:00:00,1629.03,1640.49,1626.06,1628.85,26815.544,2023-01-23 13:59:59.999,43788662.508625,34634.0,13907.3933,22707013.936477,0.0
310,2023-01-23 14:00:00,1628.85,1630.57,1610.04,1619.88,27357.8436,2023-01-23 14:59:59.999,44325453.643568,35086.0,12780.9097,20708479.331132,0.0
311,2023-01-23 15:00:00,1619.89,1635.26,1618.65,1634.8,13128.4739,2023-01-23 15:59:59.999,21335099.589513,21144.0,6794.687,11043952.134512,0.0
312,2023-01-23 16:00:00,1634.8,1635.5,1629.53,1631.84,9298.6748,2023-01-23 16:59:59.999,15180018.469122,15686.0,4916.0862,8025556.271427,0.0
313,2023-01-23 17:00:00,1631.84,1635.75,1622.13,1627.47,8959.6926,2023-01-23 17:59:59.999,14619751.237097,13837.0,5168.2671,8435460.348958,0.0
314,2023-01-23 18:00:00,1627.47,1630.48,1624.72,1626.29,7251.5715,2023-01-23 18:59:59.999,11803951.622852,13049.0,3242.8466,5278721.186657,0.0
315,2023-01-23 19:00:00,1626.28,1633.97,1622.8,1631.87,12071.3902,2023-01-23 19:59:59.999,19660162.655657,21759.0,5840.344,9513012.150218,0.0
316,2023-01-23 20:00:00,1631.87,1638.62,1627.45,1637.89,13875.5117,2023-01-23 20:59:59.999,22658230.073951,21276.0,7561.5414,12348472.28056,0.0
317,2023-01-23 21:00:00,1637.89,1641.46,1635.18,1635.18,12921.8575,2023-01-23 21:59:59.999,21169001.750801,21296.0,6502.3131,10652792.540246,0.0
318,2023-01-23 22:00:00,1635.19,1639.42,1633.25,1639.01,9169.5331,2023-01-23 22:59:59.999,15003811.722667,17719.0,5350.8235,8755366.464715,0.0
319,2023-01-23 23:00:00,1639.02,1640.78,1635.39,1636.47,9205.7706,2023-01-23 23:59:59.999,15072958.785068,17350.0,5138.017,8412733.516383,0.0
320,2023-01-24 00:00:00,1636.46,1639.28,1634.38,1637.99,11143.0834,2023-01-24 00:59:59.999,18240793.888239,15244.0,6105.3463,9994594.607176,0.0
321,2023-01-24 01:00:00,1638.0,1638.54,1635.15,1636.47,7300.1797,2023-01-24 01:59:59.999,11949393.733335,13480.0,3111.4122,5093348.752042,0.0
322,2023-01-24 02:00:00,1636.47,1636.96,1633.25,1635.77,9369.3045,2023-01-24 02:59:59.999,15322445.794168,14057.0,3744.3357,6123965.727075,0.0
323,2023-01-24 03:00:00,1635.77,1637.28,1634.47,1634.81,7071.8653,2023-01-24 03:59:59.999,11567781.205282,18583.0,3203.2881,5239756.141678,0.0
324,2023-01-24 04:00:00,1634.81,1635.28,1614.39,1617.94,38521.3346,2023-01-24 04:59:59.999,62534522.439591,40426.0,17157.2547,27845216.698244,0.0
325,2023-01-24 05:00:00,1617.93,1626.17,1617.14,1623.0,12039.9894,2023-01-24 05:59:59.999,19528885.99387,17828.0,6409.5602,10394920.660668,0.0
326,2023-01-24 06:00:00,1623.01,1626.58,1622.02,1625.6,7891.9613,2023-01-24 06:59:59.999,12816027.962227,15457.0,3614.5126,5869693.541802,0.0
327,2023-01-24 07:00:00,1625.59,1632.12,1622.22,1627.34,9920.6653,2023-01-24 07:59:59.999,16144717.986958,16233.0,4971.0808,8090093.273217,0.0
328,2023-01-24 08:00:00,1627.34,1630.76,1612.83,1617.14,18600.2391,2023-01-24 08:59:59.999,30172638.461977,25777.0,8136.1878,13199193.495659,0.0
329,2023-01-24 09:00:00,1617.14,1622.48,1604.0,1613.4,41583.7239,2023-01-24 09:59:59.999,67136957.690611,46586.0,19318.2912,31190307.495442,0.0
330,2023-01-24 10:00:00,1613.4,1621.6,1606.88,1620.58,17561.4578,2023-01-24 10:59:59.999,28381671.552525,26175.0,9755.042,15768253.735881,0.0
331,2023-01-24 11:00:00,1620.57,1621.87,1612.0,1614.34,16965.3504,2023-01-24 11:59:59.999,27440314.624989,22577.0,7504.1167,12136843.781443,0.0
332,2023-01-24 12:00:00,1614.35,1617.6,1606.48,1616.17,16402.8135,2023-01-24 12:59:59.999,26461444.928071,22459.0,8271.9705,13347098.388739,0.0
333,2023-01-24 13:00:00,1616.18,1624.3,1613.42,1619.87,13887.0868,2023-01-24 13:59:59.999,22503742.769093,19934.0,7610.7213,12332446.246822,0.0
334,2023-01-24 14:00:00,1619.88,1624.31,1618.17,1622.41,7858.8496,2023-01-24 14:59:59.999,12740664.118438,14292.0,4112.6,6667394.232292,0.0
335,2023-01-24 15:00:00,1622.42,1624.45,1608.0,1615.26,13670.2664,2023-01-24 15:59:59.999,22082416.079035,22673.0,6257.5462,10109370.582491,0.0
336,2023-01-24 16:00:00,1615.27,1621.5,1588.8,1599.01,31013.9946,2023-01-24 16:59:59.999,49725761.189062,44976.0,13365.9904,21434075.415723,0.0
337,2023-01-24 17:00:00,1599.0,1601.77,1535.0,1562.16,77703.6397,2023-01-24 17:59:59.999,121857664.771004,115152.0,35043.0766,54949625.657246,0.0
338,2023-01-24 18:00:00,1562.17,1565.27,1544.69,1555.97,46525.4559,2023-01-24 18:59:59.999,72311238.601829,52951.0,21443.8863,33326330.506362,0.0
339,2023-01-24 19:00:00,1555.97,1557.0,1541.53,1548.88,42208.8517,2023-01-24 19:59:59.999,65416963.145052,49567.0,20460.9587,31709060.698111,0.0
340,2023-01-24 20:00:00,1548.89,1550.47,1518.0,1535.0,67088.1066,2023-01-24 20:59:59.999,102800213.940075,65171.0,32969.2298,50516519.062708,0.0
341,2023-01-24 21:00:00,1534.99,1543.06,1534.21,1540.87,13866.2509,2023-01-24 21:59:59.999,21346674.64521,21444.0,8061.2293,12409011.92826,0.0
342,2023-01-24 22:00:00,1540.87,1546.88,1540.28,1546.63,12655.7856,2023-01-24 22:59:59.999,19541093.689841,16082.0,7778.4693,12010704.739733,0.0
343,2023-01-24 23:00:00,1546.63,1549.01,1545.83,1546.17,9355.4083,2023-01-24 23:59:59.999,14475649.782674,14624.0,5263.4895,8144337.358485,0.0
344,2023-01-25 00:00:00,1546.17,1551.74,1545.2,1549.14,10814.5467,2023-01-25 00:59:59.999,16738958.628279,15854.0,6048.4757,9361519.15251,0.0
345,2023-01-25 01:00:00,1549.14,1557.03,1546.27,1555.16,16870.0489,2023-01-25 01:59:59.999,26174944.955876,27321.0,9610.9224,14912413.721551,0.0
346,2023-01-25 02:00:00,1555.16,1558.91,1553.42,1553.81,12984.076,2023-01-25 02:59:59.999,20204876.829348,20337.0,6508.8196,10128872.117501,0.0
347,2023-01-25 03:00:00,1553.82,1556.8,1550.0,1551.1,10917.6584,2023-01-25 03:59:59.999,16951831.754695,19352.0,5152.5102,7999677.650676,0.0
348,2023-01-25 04:00:00,1551.1,1552.0,1540.91,1545.63,18720.2568,2023-01-25 04:59:59.999,28971210.470209,24338.0,8360.6293,12937340.320123,0.0
349,2023-01-25 05:00:00,1545.62,1547.83,1538.59,1547.13,16549.3225,2023-01-25 05:59:59.999,25551663.907466,22895.0,7444.4696,11493632.16922,0.0
350,2023-01-25 06:00:00,1547.14,1549.28,1543.81,1545.49,10875.4845,2023-01-25 06:59:59.999,16820335.333372,15403.0,6400.0947,9897305.65172,0.0
351,2023-01-25 07:00:00,1545.5,1562.71,1545.44,1560.14,27377.0382,2023-01-25 07:59:59.999,42577266.357659,33050.0,16127.8349,25081222.848839,0.0
352,2023-01-25 08:00:00,1560.13,1566.58,1553.5,1554.68,25274.9828,2023-01-25 08:59:59.999,39454371.041041,31206.0,13041.7249,20364036.389346,0.0
353,2023-01-25 09:00:00,1554.68,1555.7,1533.75,1536.48,40945.5745,2023-01-25 09:59:59.999,63275248.817683,48401.0,18393.7647,28420755.336099,0.0
354,2023-01-25 10:00:00,1536.48,1546.18,1525.0,1543.95,35670.2737,2023-01-25 10:59:59.999,54843689.824737,44325.0,17924.9938,27565092.15025,0.0
355,2023-01-25 11:00:00,1543.95,1552.66,1541.39,1548.97,20502.3959,2023-01-25 11:59:59.999,31737921.355943,28263.0,11590.5505,17942946.283154,0.0
356,2023-01-25 12:00:00,1548.96,1553.66,1545.14,1548.7,11854.3727,2023-01-25 12:59:59.999,18357971.208922,19777.0,5900.5824,9137335.692424,0.0
357,2023-01-25 13:00:00,1548.71,1556.0,1547.99,1555.54,13845.6314,2023-01-25 13:59:59.999,21491600.294516,17867.0,7075.7881,10984016.390784,0.0
358,2023-01-25 14:00:00,1555.54,1562.18,1554.1,1561.48,15106.0279,2023-01-25 14:59:59.999,23528306.687051,19695.0,8719.3631,13581323.814319,0.0
359,2023-01-25 15:00:00,1561.49,1583.6,1561.48,1580.69,35374.7982,2023-01-25 15:59:59.999,55771080.17797,42604.0,18535.8165,29218109.18604,0.0
360,2023-01-25 16:00:00,1580.69,1624.13,1571.29,1618.18,57333.1495,2023-01-25 16:59:59.999,91511142.663394,79991.0,31433.2139,50190993.35793,0.0
361,2023-01-25 17:00:00,1618.19,1641.0,1575.0,1585.95,75954.4437,2023-01-25 17:59:59.999,122406794.043034,106767.0,40570.1283,65483944.77324,0.0
362,2023-01-25 18:00:00,1585.95,1617.72,1580.54,1611.94,44330.4312,2023-01-25 18:59:59.999,71008498.969212,48242.0,23427.2759,37527557.222526,0.0
363,2023-01-25 19:00:00,1611.95,1632.84,1610.63,1628.97,32266.2569,2023-01-25 19:59:59.999,52223944.836431,38367.0,15737.6698,25478779.573372,0.0
364,2023-01-25 20:00:00,1628.97,1629.64,1615.08,1616.72,25586.5649,2023-01-25 20:59:59.999,41510544.473322,31165.0,11702.477,18987268.008562,0.0
365,2023-01-25 21:00:00,1616.72,1622.4,1610.14,1613.89,18580.4612,2023-01-25 21:59:59.999,30029479.21411,21318.0,9274.218,14988187.645599,0.0
366,2023-01-25 22:00:00,1613.88,1617.58,1613.3,1614.87,11112.5142,2023-01-25 22:59:59.999,17944913.438581,16293.0,4273.5932,6901786.115296,0.0
367,2023-01-25 23:00:00,1614.87,1618.74,1612.69,1616.14,12039.3949,2023-01-25 23:59:59.999,19457719.528366,14651.0,5561.7463,8990301.141972,0.0
368,2023-01-26 00:00:00,1616.14,1620.76,1615.0,1619.59,10242.5452,2023-01-26 00:59:59.999,16558521.188085,12748.0,5265.5912,8513285.931453,0.0
369,2023-01-26 01:00:00,1619.58,1621.9,1597.3,1613.23,43444.3706,2023-01-26 01:59:59.999,69900730.542337,37684.0,19737.7636,31750156.252954,0.0
370,2023-01-26 02:00:00,1613.24,1613.39,1604.0,1604.68,17912.1946,2023-01-26 02:59:59.999,28794441.738556,19047.0,7534.8085,12111150.722663,0.0
371,2023-01-26 03:00:00,1604.69,1609.7,1602.8,1608.01,16720.8858,2023-01-26 03:59:59.999,26853637.220598,26933.0,6509.4401,10458116.617334,0.0
372,2023-01-26 04:00:00,1608.0,1610.45,1600.53,1606.38,17005.9568,2023-01-26 04:59:59.999,27314385.474217,20908.0,8124.8958,13050413.877034,0.0
373,2023-01-26 05:00:00,1606.39,1608.07,1590.0,1602.59,21703.7917,2023-01-26 05:59:59.999,34746341.215204,27562.0,9906.759,15858570.861754,0.0
374,2023-01-26 06:00:00,1602.59,1605.0,1599.17,1604.33,11293.0178,2023-01-26 06:59:59.999,18103454.487757,17567.0,5830.6458,9347654.420466,0.0
375,2023-01-26 07:00:00,1604.33,1617.24,1602.72,1616.05,24017.8894,2023-01-26 07:59:59.999,38702108.847679,26153.0,13515.1871,21777701.348377,0.0
376,2023-01-26 08:00:00,1616.04,1618.56,1592.89,1617.86,51175.5039,2023-01-26 08:59:59.999,82326253.30612,50585.0,25937.3144,41728969.721828,0.0
377,2023-01-26 09:00:00,1617.86,1621.06,1596.67,1605.42,49630.4026,2023-01-26 09:59:59.999,79981431.065562,50270.0,23070.9072,37174982.997785,0.0
378,2023-01-26 10:00:00,1605.42,1616.26,1584.12,1589.79,42565.4198,2023-01-26 10:59:59.999,68138298.825293,51304.0,18556.2726,29718955.270588,0.0
379,2023-01-26 11:00:00,1589.71,1595.49,1577.43,1594.14,37150.61,2023-01-26 11:59:59.999,59011611.483421,45732.0,18336.9032,29132754.210901,0.0
380,2023-01-26 12:00:00,1594.15,1598.3,1590.73,1592.15,10568.5135,2023-01-26 12:59:59.999,16855557.282425,20047.0,5008.6329,7988894.846924,0.0
381,2023-01-26 13:00:00,1592.14,1607.27,1590.0,1600.94,17433.8128,2023-01-26 13:59:59.999,27888810.561653,24783.0,9332.4233,14930491.103354,0.0
382,2023-01-26 14:00:00,1600.95,1605.48,1596.35,1603.77,10379.8322,2023-01-26 14:59:59.999,16624117.082881,18894.0,4949.4507,7926730.347993,0.0
383,2023-01-26 15:00:00,1603.78,1611.26,1601.59,1608.88,15290.7267,2023-01-26 15:59:59.999,24570966.122127,21333.0,8172.2575,13133330.618705,0.0
384,2023-01-26 16:00:00,1608.89,1609.53,1594.38,1603.12,14561.058,2023-01-26 16:59:59.999,23311136.247584,28148.0,7216.2089,11551525.31317,0.0
385,2023-01-26 17:00:00,1603.13,1609.47,1600.32,1601.78,13166.6498,2023-01-26 17:59:59.999,21143554.164935,19477.0,7700.1208,12366001.58915,0.0
386,2023-01-26 18:00:00,1601.77,1604.06,1597.49,1601.09,8929.4733,2023-01-26 18:59:59.999,14302494.201828,20741.0,4329.21,6934046.918146,0.0
387,2023-01-26 19:00:00,1601.08,1606.53,1586.09,1588.87,22887.7593,2023-01-26 19:59:59.999,36522983.98781,40733.0,10840.282,17302323.032617,0.0
388,2023-01-26 20:00:00,1588.87,1591.9,1552.54,1562.81,78008.9493,2023-01-26 20:59:59.999,122324468.179716,71081.0,42299.7106,66288608.851714,0.0
389,2023-01-26 21:00:00,1562.81,1572.7,1560.58,1570.51,18146.0462,2023-01-26 21:59:59.999,28456581.84814,27297.0,9222.5332,14461233.949377,0.0
390,2023-01-26 22:00:00,1570.51,1571.87,1565.56,1565.73,19400.8276,2023-01-26 22:59:59.999,30453418.567437,23203.0,12721.5938,19970364.661552,0.0
391,2023-01-26 23:00:00,1565.74,1569.15,1563.08,1564.8,14361.4394,2023-01-26 23:59:59.999,22483519.745689,19628.0,9368.6412,14665435.606225,0.0
392,2023-01-27 00:00:00,1564.81,1589.9,1564.42,1583.02,19783.855,2023-01-27 00:59:59.999,31202856.892972,26140.0,11561.2932,18227853.444,0.0
393,2023-01-27 01:00:00,1583.02,1585.5,1577.66,1582.41,11893.4079,2023-01-27 01:59:59.999,18809308.863047,22783.0,6268.6015,9912874.866987,0.0
394,2023-01-27 02:00:00,1582.41,1586.09,1578.2,1585.4,11689.9323,2023-01-27 02:59:59.999,18489598.163971,20624.0,6035.993,9545957.556243,0.0
395,2023-01-27 03:00:00,1585.4,1586.06,1578.01,1579.04,11690.7325,2023-01-27 03:59:59.999,18495190.779716,27840.0,5346.7712,8458531.587732,0.0
396,2023-01-27 04:00:00,1579.04,1581.07,1575.87,1578.31,12015.1815,2023-01-27 04:59:59.999,18964145.963897,20031.0,5460.9267,8619439.781204,0.0
397,2023-01-27 05:00:00,1578.3,1581.6,1573.33,1577.03,13270.4884,2023-01-27 05:59:59.999,20942499.407322,20662.0,7187.1846,11343615.751286,0.0
398,2023-01-27 06:00:00,1577.03,1578.85,1573.36,1578.84,7919.3502,2023-01-27 06:59:59.999,12485179.877851,16130.0,3569.8554,5628034.877799,0.0
399,2023-01-27 07:00:00,1578.84,1580.85,1572.08,1575.16,10358.1172,2023-01-27 07:59:59.999,16336201.263139,22464.0,4676.6233,7377223.66438,0.0
400,2023-01-27 08:00:00,1575.17,1584.73,1561.0,1572.08,38338.2864,2023-01-27 08:59:59.999,60327171.977444,49727.0,18857.842,29676022.533511,0.0
401,2023-01-27 09:00:00,1572.07,1590.13,1563.44,1579.99,24973.075,2023-01-27 09:59:59.999,39343825.178552,38070.0,12579.3794,19827524.591568,0.0
402,2023-01-27 10:00:00,1579.99,1594.55,1574.03,1574.86,35942.4807,2023-01-27 10:59:59.999,56934003.066334,46941.0,17935.6682,28414620.836418,0.0
403,2023-01-27 11:00:00,1574.86,1590.99,1573.98,1589.28,20946.6477,2023-01-27 11:59:59.999,33187013.273513,31316.0,11823.408,18735842.824019,0.0
404,2023-01-27 12:00:00,1589.29,1611.79,1587.65,1605.49,32436.7529,2023-01-27 12:59:59.999,51864130.669457,42143.0,18684.6999,29880705.014633,0.0
405,2023-01-27 13:00:00,1605.49,1608.28,1598.18,1604.13,16839.9214,2023-01-27 13:59:59.999,26991430.932716,25405.0,10061.3062,16129288.968773,0.0
406,2023-01-27 14:00:00,1604.14,1611.32,1602.38,1609.7,11670.5862,2023-01-27 14:59:59.999,18756163.823701,19363.0,6746.3916,10841993.544162,0.0
407,2023-01-27 15:00:00,1609.7,1621.0,1592.25,1599.12,46542.035,2023-01-27 15:59:59.999,74862063.345113,53513.0,23158.9901,37266991.732428,0.0
408,2023-01-27 16:00:00,1599.12,1605.56,1596.03,1599.3,11854.7636,2023-01-27 16:59:59.999,18980286.098231,20438.0,6250.8833,10007826.01158,0.0
409,2023-01-27 17:00:00,1599.31,1599.89,1586.75,1592.94,12748.6071,2023-01-27 17:59:59.999,20309106.80415,20497.0,6341.9254,10102810.373401,0.0
410,2023-01-27 18:00:00,1592.95,1599.39,1592.94,1597.62,8374.1447,2023-01-27 18:59:59.999,13373310.882894,15310.0,4725.1862,7545648.197571,0.0
411,2023-01-27 19:00:00,1597.61,1606.83,1594.21,1604.24,16687.9208,2023-01-27 19:59:59.999,26720121.547226,23127.0,8747.3526,14006472.660353,0.0
412,2023-01-27 20:00:00,1604.24,1604.9,1594.42,1595.47,11243.628,2023-01-27 20:59:59.999,17978125.865049,20023.0,5671.6834,9067507.090962,0.0
413,2023-01-27 21:00:00,1595.46,1598.85,1592.49,1595.81,10508.4594,2023-01-27 21:59:59.999,16768810.533504,16755.0,5340.2205,8522022.485698,0.0
414,2023-01-27 22:00:00,1595.81,1600.0,1595.51,1598.96,5474.0375,2023-01-27 22:59:59.999,8745739.566339,12396.0,2566.1078,4099628.584447,0.0
415,2023-01-27 23:00:00,1598.96,1602.93,1598.47,1599.49,8494.4837,2023-01-27 23:59:59.999,13594504.952277,16292.0,5047.7952,8078897.84822,0.0
416,2023-01-28 00:00:00,1599.5,1603.39,1596.48,1600.17,11103.6662,2023-01-28 00:59:59.999,17762400.275565,16464.0,5077.0812,8121450.027347,0.0
417,2023-01-28 01:00:00,1600.17,1600.48,1592.45,1597.16,7775.7461,2023-01-28 01:59:59.999,12413952.931041,17232.0,3179.1128,5075508.72715,0.0
418,2023-01-28 02:00:00,1597.15,1597.5,1585.81,1592.68,10994.833,2023-01-28 02:59:59.999,17501235.031532,18656.0,5074.8445,8078177.251976,0.0
419,2023-01-28 03:00:00,1592.68,1594.0,1586.36,1587.19,8666.0654,2023-01-28 03:59:59.999,13789447.205281,20923.0,4045.7606,6437957.137728,0.0
420,2023-01-28 04:00:00,1587.18,1593.76,1585.45,1592.2,11241.6314,2023-01-28 04:59:59.999,17874552.868468,19794.0,5670.7406,9016460.501054,0.0
421,2023-01-28 05:00:00,1592.19,1592.2,1578.63,1584.2,23674.5423,2023-01-28 05:59:59.999,37512164.118039,25153.0,10757.8507,17042097.742843,0.0
422,2023-01-28 06:00:00,1584.2,1586.85,1580.31,1586.18,8710.886,2023-01-28 06:59:59.999,13795117.197289,16011.0,4068.884,6444055.926045,0.0
423,2023-01-28 07:00:00,1586.19,1586.19,1579.1,1582.86,11737.933,2023-01-28 07:59:59.999,18578049.04255,19168.0,5312.7156,8408530.438066,0.0
424,2023-01-28 08:00:00,1582.87,1582.87,1561.76,1573.3,54484.0088,2023-01-28 08:59:59.999,85602204.753521,50059.0,28873.5558,45349060.480191,0.0
425,2023-01-28 09:00:00,1573.3,1574.0,1570.0,1570.6,11071.4082,2023-01-28 09:59:59.999,17410646.997653,17580.0,5134.0102,8074780.497842,0.0
426,2023-01-28 10:00:00,1570.6,1580.57,1567.22,1578.43,19527.4141,2023-01-28 10:59:59.999,30769315.492964,22188.0,12261.7835,19318495.231446,0.0
427,2023-01-28 11:00:00,1578.42,1580.55,1576.22,1577.79,9798.2095,2023-01-28 11:59:59.999,15467903.381166,17805.0,4999.4162,7892214.597111,0.0
428,2023-01-28 12:00:00,1577.79,1579.25,1569.69,1576.49,10134.1688,2023-01-28 12:59:59.999,15954269.482155,16041.0,4789.0403,7539893.54339,0.0
429,2023-01-28 13:00:00,1576.48,1577.07,1570.62,1572.59,6999.3104,2023-01-28 13:59:59.999,11012059.43021,12407.0,3703.0321,5825917.049464,0.0
430,2023-01-28 14:00:00,1572.59,1578.46,1572.06,1577.12,6346.1143,2023-01-28 14:59:59.999,10004056.609348,10991.0,3869.6474,6099924.193779,0.0
431,2023-01-28 15:00:00,1577.12,1577.59,1560.0,1561.32,14034.3393,2023-01-28 15:59:59.999,22004065.225921,18406.0,6697.3504,10498976.705542,0.0
432,2023-01-28 16:00:00,1561.31,1569.64,1555.99,1566.98,15558.2811,2023-01-28 16:59:59.999,24334655.315607,24015.0,7640.5121,11951643.069012,0.0
433,2023-01-28 17:00:00,1566.98,1568.65,1561.33,1564.7,9106.1616,2023-01-28 17:59:59.999,14251289.668255,15015.0,5087.9159,7961671.165284,0.0
434,2023-01-28 18:00:00,1564.7,1574.06,1562.3,1572.1,10302.4085,2023-01-28 18:59:59.999,16164736.141809,15487.0,6191.1396,9714247.673589,0.0
435,2023-01-28 19:00:00,1572.1,1587.65,1566.33,1584.84,20514.2547,2023-01-28 19:59:59.999,32393636.085751,31524.0,11110.0636,17544901.39686,0.0
436,2023-01-28 20:00:00,1584.84,1618.99,1584.83,1602.7,70582.5546,2023-01-28 20:59:59.999,113402552.857891,72004.0,38334.55,61578880.541537,0.0
437,2023-01-28 21:00:00,1602.69,1607.26,1582.45,1592.0,28641.0783,2023-01-28 21:59:59.999,45608188.125308,36954.0,14334.0683,22825980.810005,0.0
438,2023-01-28 22:00:00,1591.99,1595.27,1588.63,1594.36,9158.2903,2023-01-28 22:59:59.999,14578200.718991,16873.0,4734.5344,7536382.808328,0.0
439,2023-01-28 23:00:00,1594.36,1599.22,1592.11,1598.31,7936.2991,2023-01-28 23:59:59.999,12661706.589695,15608.0,4339.9488,6924869.703966,0.0
440,2023-01-29 00:00:00,1598.31,1599.39,1593.99,1597.33,6273.0763,2023-01-29 00:59:59.999,10014052.38176,12793.0,3154.9296,5036067.675378,0.0
441,2023-01-29 01:00:00,1597.33,1597.9,1592.2,1593.97,9183.9955,2023-01-29 01:59:59.999,14652224.032487,17243.0,3248.7771,5182822.597244,0.0
442,2023-01-29 02:00:00,1593.96,1595.42,1588.45,1592.58,8135.6879,2023-01-29 02:59:59.999,12948986.591896,15692.0,3732.194,5940658.608887,0.0
443,2023-01-29 03:00:00,1592.59,1594.88,1588.97,1590.46,7132.4353,2023-01-29 03:59:59.999,11352469.797522,15553.0,3480.9981,5540954.641327,0.0
444,2023-01-29 04:00:00,1590.45,1604.95,1589.71,1600.99,18156.3566,2023-01-29 04:59:59.999,29035436.367793,23779.0,10044.3069,16060928.525323,0.0
445,2023-01-29 05:00:00,1600.99,1615.85,1600.99,1611.85,29367.0389,2023-01-29 05:59:59.999,47257474.952733,36190.0,15572.3604,25060040.29753,0.0
446,2023-01-29 06:00:00,1611.85,1619.79,1594.0,1609.08,31445.1808,2023-01-29 06:59:59.999,50495786.500739,36630.0,17426.9054,27988206.031166,0.0
447,2023-01-29 07:00:00,1609.08,1613.33,1603.52,1610.62,15663.9497,2023-01-29 07:59:59.999,25196960.152045,22211.0,8294.8102,13342335.789783,0.0
448,2023-01-29 08:00:00,1610.61,1626.64,1609.75,1612.83,35833.7376,2023-01-29 08:59:59.999,57946814.451489,42394.0,18738.6649,30307237.27632,0.0
449,2023-01-29 09:00:00,1612.83,1616.1,1605.53,1615.48,18935.4805,2023-01-29 09:59:59.999,30500151.40231,27357.0,9296.1795,14974450.252057,0.0
450,2023-01-29 10:00:00,1615.48,1616.19,1609.49,1611.44,13814.3318,2023-01-29 10:59:59.999,22277682.543558,19051.0,6189.4635,9980826.785079,0.0
451,2023-01-29 11:00:00,1611.44,1618.14,1605.46,1614.09,19648.0007,2023-01-29 11:59:59.999,31671679.219099,27674.0,10298.0002,16599684.733244,0.0
452,2023-01-29 12:00:00,1614.09,1621.81,1611.19,1617.75,18098.3817,2023-01-29 12:59:59.999,29251282.970811,27150.0,8709.6791,14077623.150035,0.0
453,2023-01-29 13:00:00,1617.74,1633.31,1614.05,1629.37,33027.7571,2023-01-29 13:59:59.999,53681567.136255,40463.0,16941.9005,27531389.07528,0.0
454,2023-01-29 14:00:00,1629.37,1660.0,1628.95,1653.86,67990.7192,2023-01-29 14:59:59.999,112023261.832563,86747.0,33563.9898,55313291.149772,0.0
455,2023-01-29 15:00:00,1653.86,1655.37,1627.57,1635.68,38724.0805,2023-01-29 15:59:59.999,63620588.555973,51502.0,18108.5687,29740431.004322,0.0
456,2023-01-29 16:00:00,1635.68,1647.11,1632.97,1643.37,13787.7824,2023-01-29 16:59:59.999,22620528.531009,23705.0,7296.9316,11971661.379958,0.0
457,2023-01-29 17:00:00,1643.37,1645.0,1640.41,1643.02,7662.6701,2023-01-29 17:59:59.999,12593126.820562,16927.0,3388.1606,5567803.175631,0.0
458,2023-01-29 18:00:00,1643.03,1654.4,1641.47,1644.72,22054.7738,2023-01-29 18:59:59.999,36350752.41027,31031.0,11436.0325,18851114.545545,0.0
459,2023-01-29 19:00:00,1644.73,1647.28,1636.36,1646.08,19757.0938,2023-01-29 19:59:59.999,32451324.140679,30394.0,9137.5004,15008072.289755,0.0
460,2023-01-29 20:00:00,1646.08,1647.53,1633.43,1638.3,16055.6301,2023-01-29 20:59:59.999,26316685.342106,24123.0,6869.8315,11262553.663361,0.0
461,2023-01-29 21:00:00,1638.29,1638.58,1631.48,1635.8,14515.4783,2023-01-29 21:59:59.999,23733034.503566,21253.0,7000.3844,11445663.681025,0.0
462,2023-01-29 22:00:00,1635.8,1638.65,1634.37,1637.98,9660.4382,2023-01-29 22:59:59.999,15809887.901514,15516.0,4844.4115,7928490.446541,0.0
463,2023-01-29 23:00:00,1637.97,1641.37,1634.99,1636.37,7658.0788,2023-01-29 23:59:59.999,12551176.660547,15108.0,3868.4437,6339856.770585,0.0
464,2023-01-30 00:00:00,1636.37,1636.38,1631.99,1635.87,10374.954,2023-01-30 00:59:59.999,16950230.170716,14839.0,5019.1176,8198386.622189,0.0
465,2023-01-30 01:00:00,1635.87,1636.72,1624.9,1629.45,14449.6374,2023-01-30 01:59:59.999,23575986.164892,19319.0,6504.5614,10612396.692382,0.0
466,2023-01-30 02:00:00,1629.46,1631.89,1621.8,1627.45,13501.1761,2023-01-30 02:59:59.999,21965434.523731,20775.0,6178.1997,10051665.011158,0.0
467,2023-01-30 03:00:00,1627.44,1630.11,1615.43,1619.93,21614.6298,2023-01-30 03:59:59.999,35055478.711926,31417.0,9355.3556,15171279.912776,0.0
468,2023-01-30 04:00:00,1619.92,1620.43,1581.6,1587.79,83690.3986,2023-01-30 04:59:59.999,133792357.511735,95069.0,39222.8201,62686107.542423,0.0
469,2023-01-30 05:00:00,1587.8,1595.56,1577.0,1585.69,45959.5274,2023-01-30 05:59:59.999,72918448.153719,48526.0,25165.4721,39915017.567464,0.0
470,2023-01-30 06:00:00,1585.69,1588.88,1577.98,1581.55,27263.0766,2023-01-30 06:59:59.999,43192752.781417,32571.0,13311.4193,21090083.458898,0.0
471,2023-01-30 07:00:00,1581.55,1585.12,1567.68,1577.4,41535.6069,2023-01-30 07:59:59.999,65530112.770908,45078.0,18627.211,29391097.446794,0.0
472,2023-01-30 08:00:00,1577.4,1581.52,1576.06,1577.26,14097.3874,2023-01-30 08:59:59.999,22259936.424263,20309.0,7205.9416,11378722.589408,0.0
473,2023-01-30 09:00:00,1577.27,1596.41,1575.24,1596.41,28338.5439,2023-01-30 09:59:59.999,44979859.896256,38223.0,17072.4642,27092997.584779,0.0
474,2023-01-30 10:00:00,1596.41,1597.03,1570.8,1585.18,32692.1987,2023-01-30 10:59:59.999,51816612.440615,38087.0,15847.9841,25116606.481814,0.0
475,2023-01-30 11:00:00,1585.18,1590.46,1578.25,1583.11,16460.7098,2023-01-30 11:59:59.999,26078180.989172,26221.0,8360.8499,13245685.401231,0.0
476,2023-01-30 12:00:00,1583.12,1588.54,1579.84,1581.24,14055.4458,2023-01-30 12:59:59.999,22270800.752664,22981.0,7145.0985,11321389.166001,0.0
477,2023-01-30 13:00:00,1581.24,1583.93,1573.93,1578.2,17904.2965,2023-01-30 13:59:59.999,28266575.30978,25624.0,7480.1059,11808109.68194,0.0
478,2023-01-30 14:00:00,1578.2,1578.39,1535.0,1554.24,69332.8758,2023-01-30 14:59:59.999,107701912.543147,85930.0,30816.7652,47843045.109351,0.0
479,2023-01-30 15:00:00,1554.25,1554.62,1536.84,1553.16,26443.4982,2023-01-30 15:59:59.999,40917498.584746,34193.0,11944.0592,18481090.838133,0.0
480,2023-01-30 16:00:00,1553.16,1561.14,1552.56,1556.64,13490.4028,2023-01-30 16:59:59.999,21017617.142257,26149.0,7164.186,11160923.610466,0.0
481,2023-01-30 17:00:00,1556.64,1567.0,1545.01,1563.96,17015.5216,2023-01-30 17:59:59.999,26484860.895541,27470.0,9581.822,14911586.120537,0.0
482,2023-01-30 18:00:00,1563.97,1567.87,1560.65,1566.2,19188.7216,2023-01-30 18:59:59.999,30026329.60222,24528.0,9597.0358,15016856.640526,0.0
483,2023-01-30 19:00:00,1566.21,1576.2,1561.82,1570.41,20822.3998,2023-01-30 19:59:59.999,32653446.812931,33814.0,10586.7822,16603700.628851,0.0
484,2023-01-30 20:00:00,1570.41,1574.99,1563.36,1569.99,17360.796,2023-01-30 20:59:59.999,27255821.67623,22796.0,7866.6846,12353988.864942,0.0
485,2023-01-30 21:00:00,1570.0,1575.63,1569.11,1569.37,11263.7441,2023-01-30 21:59:59.999,17716304.778007,16848.0,5095.1584,8013763.663754,0.0
486,2023-01-30 22:00:00,1569.38,1570.67,1567.0,1568.87,8543.4766,2023-01-30 22:59:59.999,13404596.851467,15419.0,4313.5404,6768191.919578,0.0
487,2023-01-30 23:00:00,1568.87,1572.87,1566.52,1572.7,8873.8215,2023-01-30 23:59:59.999,13931694.356952,13453.0,4506.601,7074418.145691,0.0
488,2023-01-31 00:00:00,1572.7,1573.36,1561.79,1562.11,12140.1726,2023-01-31 00:59:59.999,19034548.486403,17330.0,5659.7851,8877291.53269,0.0
489,2023-01-31 01:00:00,1562.11,1569.53,1561.63,1565.96,9885.0648,2023-01-31 01:59:59.999,15474060.661147,21623.0,5052.3764,7908921.099451,0.0
490,2023-01-31 02:00:00,1565.97,1581.08,1565.93,1580.04,17560.4495,2023-01-31 02:59:59.999,27649551.82204,23100.0,10569.1057,16639866.970515,0.0
491,2023-01-31 03:00:00,1580.03,1583.98,1567.19,1571.69,15262.4908,2023-01-31 03:59:59.999,24038232.533898,24921.0,7776.2263,12249822.264672,0.0
492,2023-01-31 04:00:00,1571.69,1575.48,1571.06,1572.09,7380.9456,2023-01-31 04:59:59.999,11610229.844404,15350.0,3853.5549,6061757.716121,0.0
493,2023-01-31 05:00:00,1572.09,1574.02,1565.82,1567.53,9915.9778,2023-01-31 05:59:59.999,15573198.273659,18643.0,4468.0384,7018123.577446,0.0
494,2023-01-31 06:00:00,1567.53,1572.12,1566.62,1570.91,9833.2923,2023-01-31 06:59:59.999,15434292.091343,16658.0,3794.2177,5955308.385079,0.0
495,2023-01-31 07:00:00,1570.91,1575.77,1570.9,1573.66,9914.8875,2023-01-31 07:59:59.999,15601574.813068,17408.0,5040.3447,7930981.564019,0.0
496,2023-01-31 08:00:00,1573.67,1588.73,1572.89,1588.14,33497.564,2023-01-31 08:59:59.999,52994152.390392,38269.0,16901.4148,26730592.148676,0.0
497,2023-01-31 09:00:00,1588.13,1589.56,1579.77,1583.09,17813.9084,2023-01-31 09:59:59.999,28232387.342177,30095.0,8741.6725,13853997.918328,0.0
498,2023-01-31 10:00:00,1583.09,1596.13,1581.92,1588.99,18661.1143,2023-01-31 10:59:59.999,29646724.262324,27029.0,9581.868,15228470.855942,0.0
499,2023-01-31 11:00:00,1589.0,1605.18,1586.97,1599.55,17687.922,2023-01-31 11:59:59.999,28238832.451238,24961.0,9915.2725,15829511.198244,0.0
